Fecha,Nombres,Hora,Clima,Temperatura (°C),Humedad,Edad,Deporte_practicado,Distancia (Km),Peso (Kg),ObjetivoEntrenamiento,CondicionFisica,CaloriasGastadas
2023-07-29 12:00:00.481339,Christopher,12,Lluvioso,12,59,58,Frontenis,3.9,94.3,Flexibilidad,Alta,183.77
2023-07-28 05:00:00.481339,Michael,5,nublado,23,43,56,Pádel,17.57,90.8,Fuerza,Media,797.73
2023-07-27 08:00:00.481339,Daniel,8,Lluvioso,20,35,30,Tenis de mesa / ping pong,9.11,50.95,Equilibrio,Alta,232.17
2023-07-26 20:00:00.481339,Emma,20,Lluvioso,35,32,28,Aeróbicos acuáticos,19.69,86.8,Equilibrio,Alta,854.62
2023-07-25 14:00:00.481339,Michael,14,nublado,13,45,63,Raquetbol,8.22,60.42,Resistencia,Alta,248.21
2023-07-24 05:00:00.481339,William,5,nublado,20,36,36,Salto a la comba,14.45,56.65,Flexibilidad,Media,409.16
2023-07-23 15:00:00.481339,Christopher,15,Lluvioso,34,43,28,Yoga,6.0,81.92,Velocidad,Baja,245.67
2023-07-22 03:00:00.481339,Jessica,3,soleado,32,38,30,Boxeo,7.59,65.99,Flexibilidad,Alta,250.56
2023-07-21 05:00:00.481339,William,5,Lluvioso,30,44,63,Correr,4.22,52.86,Equilibrio,Baja,111.5
2023-07-20 14:00:00.481339,Michael,14,Lluvioso,16,50,62,Raquetbol,7.27,56.88,Velocidad,Media,206.7
2023-07-19 12:00:00.481339,Daniel,12,Lluvioso,14,64,18,Aeróbicos acuáticos,11.17,50.05,Flexibilidad,Baja,279.54
2023-07-18 06:00:00.481339,Olivia,6,Lluvioso,27,31,57,Minigolf,19.84,95.16,Fuerza,Alta,943.98
2023-07-17 13:00:00.481339,Daniel,13,nublado,33,56,61,Boxeo,13.45,51.23,Resistencia,Alta,344.58
2023-07-16 01:00:00.481339,Christopher,1,Lluvioso,24,31,36,Calistenia,4.39,60.47,Flexibilidad,Alta,132.6
2023-07-15 21:00:00.481339,Olivia,21,soleado,24,64,29,Montañismo,1.38,70.81,Flexibilidad,Alta,48.75
2023-07-14 07:00:00.481339,Emily,7,nublado,17,47,25,Waterpolo,2.96,67.83,Fuerza,Alta,100.52
2023-07-13 21:00:00.481339,Christopher,21,soleado,29,43,25,Marcha rápida,11.47,95.59,Equilibrio,Alta,548.18
2023-07-12 10:00:00.481339,Christopher,10,soleado,15,49,62,Hockey,15.42,52.01,Resistencia,Media,401.05
2023-07-11 20:00:00.481339,William,20,soleado,18,47,29,Golf,18.84,75.61,Flexibilidad,Media,712.18
2023-07-10 19:00:00.481339,Daniel,19,soleado,21,39,65,Patinaje,0.81,84.02,Velocidad,Media,33.97
2023-07-09 08:00:00.481339,Michael,8,nublado,23,54,50,Fútbol,10.69,96.58,Flexibilidad,Baja,516.43
2023-07-08 12:00:00.481339,Jessica,12,nublado,16,31,62,Caminar,9.68,81.02,Resistencia,Baja,392.21
2023-07-07 16:00:00.481339,John,16,soleado,13,54,43,BMX,13.29,90.19,Flexibilidad,Media,599.44
2023-07-06 07:00:00.481339,Sophia,7,soleado,25,62,56,Hockey,11.41,54.19,Fuerza,Baja,309.18
2023-07-05 09:00:00.481339,Jessica,9,nublado,17,65,45,Nado sincronizado,13.9,69.3,Flexibilidad,Baja,481.52
2023-07-04 17:00:00.481339,John,17,nublado,25,60,22,Skateboard,13.33,68.7,Flexibilidad,Alta,457.96
2023-07-03 14:00:00.481339,Emily,14,nublado,14,43,25,Boxeo,2.78,94.31,Velocidad,Alta,131.18
2023-07-02 06:00:00.481339,Michael,6,Lluvioso,22,30,42,Béisbol,16.09,57.57,Fuerza,Baja,463.27
2023-07-01 12:00:00.481339,Daniel,12,Lluvioso,23,75,44,Balonmano,2.9,57.59,Fuerza,Baja,83.6
2023-06-30 17:00:00.481339,Emma,17,Lluvioso,11,45,63,Ciclismo,14.12,66.43,Flexibilidad,Media,469.03
2023-06-29 09:00:00.481339,Christopher,9,soleado,18,75,40,Sóftbol,8.61,52.72,Velocidad,Baja,227.1
2023-06-28 22:00:00.481339,Jessica,22,Lluvioso,13,32,47,Bolos,10.52,59.12,Flexibilidad,Alta,310.99
2023-06-27 13:00:00.481339,John,13,soleado,12,64,62,Raquetbol,18.11,98.26,Flexibilidad,Baja,889.96
2023-06-26 17:00:00.481339,Emma,17,soleado,35,70,64,Fútbol sala,17.85,71.41,Resistencia,Media,637.42
2023-06-25 09:00:00.481339,Jessica,9,Lluvioso,18,35,40,Levantamiento de peso,16.45,81.6,Resistencia,Alta,671.09
2023-06-24 11:00:00.481339,Michael,11,soleado,30,54,64,BMX,10.45,86.31,Velocidad,Alta,450.86
2023-06-23 14:00:00.481339,Daniel,14,Lluvioso,16,42,37,Marcha rápida,14.86,68.35,Equilibrio,Alta,507.71
2023-06-22 11:00:00.481339,Olivia,11,Lluvioso,27,63,35,Gimnasia,10.5,57.36,Resistencia,Alta,301.19
2023-06-21 07:00:00.481339,Jessica,7,nublado,29,37,35,Fútbol sala,17.46,60.33,Equilibrio,Baja,526.59
2023-06-20 22:00:00.481339,Jessica,22,Lluvioso,25,50,19,Boxeo,8.35,65.66,Fuerza,Media,274.28
2023-06-19 00:00:00.481339,Daniel,0,nublado,22,63,21,Salto a la comba,19.42,81.8,Resistencia,Baja,794.29
2023-06-18 19:00:00.481339,Emily,19,Lluvioso,20,33,47,Béisbol,18.68,69.91,Resistencia,Baja,653.01
2023-06-17 14:00:00.481339,William,14,Lluvioso,19,54,50,Kickboxing,14.96,50.34,Velocidad,Alta,376.58
2023-06-16 18:00:00.481339,Jessica,18,nublado,33,44,53,Yoga,5.95,76.17,Equilibrio,Media,226.55
2023-06-15 20:00:00.481339,Daniel,20,nublado,31,33,35,Bádminton,3.07,96.08,Resistencia,Alta,147.34
2023-06-14 04:00:00.481339,William,4,Lluvioso,34,74,54,Levantamiento de peso,17.17,90.6,Resistencia,Baja,777.69
2023-06-13 23:00:00.481339,Daniel,23,soleado,13,41,36,Levantamiento de peso,3.72,91.26,Velocidad,Baja,169.9
2023-06-12 22:00:00.481339,Daniel,22,nublado,28,61,64,Ultimate frisbee,17.16,89.75,Velocidad,Alta,769.99
2023-06-11 05:00:00.481339,Emily,5,soleado,33,61,45,Waterpolo,10.07,66.19,Equilibrio,Baja,333.25
2023-06-10 03:00:00.481339,Daniel,3,soleado,15,57,57,Voleibol acuático,8.43,88.26,Fuerza,Baja,371.92
2023-06-09 07:00:00.481339,Michael,7,soleado,12,42,37,Ciclismo estacionario,18.11,57.16,Fuerza,Alta,517.63
2023-06-08 09:00:00.481339,Jessica,9,nublado,29,60,50,Boxeo,12.28,82.89,Flexibilidad,Baja,508.72
2023-06-07 19:00:00.481339,John,19,soleado,24,43,29,Caminar,11.74,82.08,Resistencia,Media,481.96
2023-06-06 12:00:00.481339,John,12,nublado,31,49,32,Atletismo,11.4,51.28,Equilibrio,Alta,292.18
2023-06-05 15:00:00.481339,John,15,soleado,13,47,58,Montañismo,7.74,89.4,Resistencia,Media,345.87
2023-06-04 09:00:00.481339,Daniel,9,Lluvioso,30,58,56,Marcha rápida,15.82,95.16,Equilibrio,Baja,752.74
2023-06-03 05:00:00.481339,Emma,5,Lluvioso,15,35,19,Tenis en pareja,5.43,63.37,Equilibrio,Baja,172.04
2023-06-02 08:00:00.481339,William,8,nublado,14,61,46,Frontenis,18.81,90.62,Equilibrio,Alta,852.21
2023-06-01 01:00:00.481339,William,1,Lluvioso,14,58,58,BMX,17.93,54.12,Resistencia,Baja,485.26
2023-05-31 18:00:00.481339,Daniel,18,Lluvioso,30,72,27,Boxeo,7.08,80.0,Velocidad,Alta,283.23
2023-05-30 20:00:00.481339,Michael,20,soleado,27,31,19,Ciclismo estacionario,14.72,74.28,Resistencia,Alta,546.89
2023-05-29 20:00:00.481339,Michael,20,nublado,23,52,28,Petanca,11.68,77.3,Equilibrio,Alta,451.33
2023-05-28 22:00:00.481339,Christopher,22,soleado,19,48,30,Bolos,7.08,96.31,Flexibilidad,Alta,341.14
2023-05-27 21:00:00.481339,Daniel,21,soleado,32,60,27,Skateboard,19.78,93.57,Fuerza,Alta,925.19
2023-05-26 15:00:00.481339,Sophia,15,soleado,20,80,31,Raquetbol,0.99,89.25,Equilibrio,Media,44.28
2023-05-25 18:00:00.481339,Emily,18,soleado,30,34,35,Raquetbol,5.43,63.68,Flexibilidad,Alta,172.8
2023-05-24 01:00:00.481339,John,1,soleado,21,48,26,Calistenia,10.64,95.59,Velocidad,Media,508.61
2023-05-23 21:00:00.481339,Emily,21,soleado,19,63,56,Dardos,10.68,54.88,Equilibrio,Baja,292.98
2023-05-22 18:00:00.481339,John,18,soleado,22,39,45,Caminar,11.98,92.67,Flexibilidad,Alta,555.27
2023-05-21 08:00:00.481339,Olivia,8,nublado,18,54,20,Frisbee,15.16,66.41,Equilibrio,Baja,503.3
2023-05-20 17:00:00.481339,Olivia,17,Lluvioso,29,31,37,Tai chi,12.66,52.69,Resistencia,Alta,333.46
2023-05-19 15:00:00.481339,Daniel,15,soleado,23,40,23,Waterpolo,12.21,83.47,Flexibilidad,Media,509.38
2023-05-18 21:00:00.481339,Olivia,21,soleado,16,79,44,Chito,1.54,61.56,Resistencia,Media,47.51
2023-05-17 05:00:00.481339,Emma,5,soleado,32,60,19,Sóftbol,7.84,62.18,Resistencia,Media,243.81
2023-05-16 13:00:00.481339,Christopher,13,soleado,20,44,46,Baloncesto,5.03,65.3,Flexibilidad,Baja,164.08
2023-05-15 16:00:00.481339,Michael,16,soleado,24,38,55,Escalada,5.67,53.18,Fuerza,Alta,150.9
2023-05-14 05:00:00.481339,Emma,5,soleado,33,52,20,Baloncesto,11.31,58.86,Flexibilidad,Baja,332.82
2023-05-13 22:00:00.481339,Emily,22,Lluvioso,26,48,33,Salto a la comba,4.39,50.26,Fuerza,Media,110.32
2023-05-12 08:00:00.481339,Emily,8,Lluvioso,13,38,47,Frontenis,6.23,72.27,Equilibrio,Baja,225.2
2023-05-11 14:00:00.482335,Olivia,14,soleado,33,64,57,Calistenia,5.12,54.21,Equilibrio,Media,138.87
2023-05-10 20:00:00.482335,Michael,20,Lluvioso,26,50,19,Balonmano,19.0,84.13,Flexibilidad,Media,799.08
2023-05-09 00:00:00.482335,Christopher,0,nublado,18,38,34,Kickboxing,18.92,61.78,Equilibrio,Media,584.48
2023-05-08 10:00:00.482335,John,10,soleado,13,57,58,Frisbee,12.39,97.18,Velocidad,Alta,602.21
2023-05-07 17:00:00.482335,Emma,17,nublado,30,75,29,Levantamiento de peso,18.53,93.56,Resistencia,Alta,866.77
2023-05-06 12:00:00.482335,Christopher,12,nublado,26,80,52,Escalada,15.82,64.47,Resistencia,Media,510.08
2023-05-05 16:00:00.482335,Jessica,16,soleado,23,36,60,Caminar,12.0,89.16,Fuerza,Baja,535.14
2023-05-04 11:00:00.482335,William,11,Lluvioso,32,45,18,Sóftbol,0.63,90.16,Equilibrio,Baja,28.2
2023-05-03 09:00:00.482335,Olivia,9,nublado,30,45,62,Frisbee,15.56,99.33,Fuerza,Alta,772.98
2023-05-02 00:00:00.482335,John,0,soleado,14,62,32,Voleibol acuático,14.2,79.89,Resistencia,Media,567.17
2023-05-01 06:00:00.482335,Jessica,6,nublado,18,33,43,BMX,12.5,54.1,Resistencia,Baja,338.05
2023-04-30 06:00:00.482335,John,6,nublado,16,33,54,Entrenamiento en circuito,15.33,82.34,Equilibrio,Media,631.08
2023-04-29 21:00:00.482335,John,21,nublado,29,68,38,Calva,10.5,81.25,Velocidad,Baja,426.64
2023-04-28 22:00:00.482335,Olivia,22,nublado,11,69,48,Billar,14.23,81.92,Velocidad,Alta,582.83
2023-04-27 11:00:00.482335,John,11,Lluvioso,24,46,42,Levantamiento de peso,18.74,65.36,Equilibrio,Media,612.26
2023-04-26 02:00:00.482335,Christopher,2,nublado,29,66,40,Sóftbol,7.83,92.98,Equilibrio,Media,363.95
2023-04-25 03:00:00.482335,Christopher,3,nublado,32,68,41,Bádminton,14.31,97.97,Fuerza,Baja,700.92
2023-04-24 03:00:00.482335,Jessica,3,nublado,19,58,55,Montañismo,9.78,60.89,Equilibrio,Baja,297.61
2023-04-23 11:00:00.482335,Emily,11,Lluvioso,31,65,45,Chito,13.65,54.41,Velocidad,Baja,371.35
2023-04-22 03:00:00.482335,Michael,3,nublado,13,67,38,Frisbee,15.38,59.73,Equilibrio,Media,459.19
2023-04-21 06:00:00.482335,Emma,6,nublado,31,68,60,Atletismo,1.39,91.03,Fuerza,Alta,63.1
2023-04-20 20:00:00.482335,Emma,20,Lluvioso,13,79,35,Billar,13.11,83.83,Fuerza,Alta,549.47
2023-04-19 00:00:00.482335,Sophia,0,Lluvioso,20,66,53,Tai chi,4.92,81.8,Fuerza,Baja,201.29
2023-04-18 05:00:00.482335,Olivia,5,Lluvioso,30,64,52,Aeróbicos acuáticos,13.57,70.09,Fuerza,Alta,475.41
2023-04-17 23:00:00.482335,Daniel,23,nublado,14,36,62,Hockey,9.63,78.89,Flexibilidad,Baja,379.96
2023-04-16 23:00:00.482335,Daniel,23,Lluvioso,16,56,26,Ultimate frisbee,15.58,65.39,Equilibrio,Alta,509.56
2023-04-15 10:00:00.482335,Jessica,10,Lluvioso,28,57,55,Pádel,2.91,73.86,Resistencia,Media,107.33
2023-04-14 21:00:00.482335,John,21,nublado,28,51,47,Calistenia,12.71,89.65,Equilibrio,Baja,569.89
2023-04-13 01:00:00.482335,John,1,Lluvioso,26,43,61,Tenis,5.93,99.06,Flexibilidad,Alta,293.73
2023-04-12 03:00:00.482335,Olivia,3,nublado,27,36,51,Gimnasia,17.13,96.62,Fuerza,Media,827.74
2023-04-11 01:00:00.482335,William,1,soleado,24,66,49,Ciclismo,18.6,96.69,Flexibilidad,Alta,899.42
2023-04-10 15:00:00.482335,Emily,15,Lluvioso,16,51,20,Senderismo,19.93,70.11,Velocidad,Media,698.65
2023-04-09 01:00:00.482335,Sophia,1,soleado,19,34,20,Minigolf,16.02,73.44,Velocidad,Media,588.33
2023-04-08 02:00:00.482335,Christopher,2,nublado,15,31,45,Nado sincronizado,15.2,85.28,Equilibrio,Alta,648.05
2023-04-07 03:00:00.482335,John,3,Lluvioso,33,56,61,Patinaje,4.7,96.11,Equilibrio,Alta,225.97
2023-04-06 08:00:00.482335,Sophia,8,nublado,25,50,32,Aeróbicos,7.05,57.1,Resistencia,Media,201.34
2023-04-05 22:00:00.482335,Emma,22,soleado,20,67,58,Máquina escaladora,9.58,65.21,Resistencia,Media,312.39
2023-04-04 13:00:00.482335,William,13,nublado,22,44,40,Baloncesto,15.58,56.96,Velocidad,Media,443.76
2023-04-03 01:00:00.482335,Christopher,1,Lluvioso,34,50,57,Senderismo,18.34,80.6,Fuerza,Baja,739.18
2023-04-02 10:00:00.482335,Olivia,10,Lluvioso,14,39,28,Frontenis,4.19,65.32,Flexibilidad,Media,136.78
2023-04-01 15:00:00.482335,Sophia,15,soleado,25,52,65,Ciclismo estacionario,18.49,66.31,Resistencia,Baja,612.87
2023-03-31 16:00:00.482335,Jessica,16,nublado,23,68,49,Natación,14.06,53.55,Resistencia,Media,376.55
2023-03-30 12:00:00.482335,Christopher,12,Lluvioso,25,34,53,Billar,12.41,67.49,Fuerza,Baja,418.78
2023-03-29 02:00:00.482335,Olivia,2,soleado,10,30,50,Frontenis,4.4,93.12,Fuerza,Media,204.73
2023-03-28 22:00:00.482335,Daniel,22,Lluvioso,32,42,41,Frisbee,1.58,61.65,Equilibrio,Media,48.79
2023-03-27 18:00:00.482335,Olivia,18,Lluvioso,33,50,56,Nado sincronizado,11.59,84.76,Flexibilidad,Media,490.97
2023-03-26 15:00:00.482335,Olivia,15,nublado,24,55,51,Dardos,13.2,81.48,Fuerza,Alta,537.96
2023-03-25 22:00:00.482335,Christopher,22,Lluvioso,27,79,45,Waterpolo,4.61,93.17,Resistencia,Alta,214.78
2023-03-24 16:00:00.482335,William,16,nublado,33,74,54,Billar,11.35,56.61,Resistencia,Media,321.31
2023-03-23 01:00:00.482335,Christopher,1,Lluvioso,28,50,24,Aeróbicos,17.2,98.88,Velocidad,Baja,850.44
2023-03-22 17:00:00.482335,Michael,17,soleado,14,47,21,Escalada,16.78,79.13,Fuerza,Baja,664.06
2023-03-21 19:00:00.482335,Emily,19,Lluvioso,24,66,54,Caminar,18.58,99.77,Equilibrio,Media,927.07
2023-03-20 09:00:00.482335,William,9,nublado,25,74,18,Atletismo,7.63,95.58,Flexibilidad,Alta,364.85
2023-03-19 17:00:00.482335,Jessica,17,nublado,21,61,18,Voleibol acuático,6.7,61.08,Equilibrio,Baja,204.66
2023-03-18 13:00:00.482335,William,13,soleado,28,65,64,Correr,15.11,52.81,Resistencia,Alta,399.07
2023-03-17 19:00:00.482335,Emma,19,Lluvioso,33,46,37,Entrenamiento en circuito,8.91,62.78,Equilibrio,Baja,279.59
2023-03-16 22:00:00.482335,Jessica,22,Lluvioso,33,64,36,Calva,2.21,76.38,Resistencia,Media,84.29
2023-03-15 14:00:00.482335,Daniel,14,soleado,21,78,46,Atletismo,6.01,58.58,Resistencia,Alta,176.17
2023-03-14 01:00:00.482335,Christopher,1,Lluvioso,13,40,27,Boxeo,8.66,58.37,Resistencia,Baja,252.82
2023-03-13 01:00:00.482335,Olivia,1,Lluvioso,35,50,35,Levantamiento de peso,6.2,73.13,Resistencia,Media,226.85
2023-03-12 15:00:00.482335,Christopher,15,nublado,31,55,45,Escalada,6.98,51.66,Resistencia,Media,180.25
2023-03-11 00:00:00.482335,Emma,0,Lluvioso,13,33,52,Entrenamiento en circuito,6.23,56.09,Velocidad,Media,174.7
2023-03-10 00:00:00.482335,Sophia,0,Lluvioso,33,63,60,Artes marciales,1.31,70.79,Equilibrio,Alta,46.34
2023-03-09 09:00:00.482335,Emma,9,soleado,32,77,64,Baloncesto,12.92,53.16,Velocidad,Alta,343.48
2023-03-08 09:00:00.482335,Michael,9,soleado,23,47,48,Entrenamiento en circuito,12.15,69.84,Velocidad,Media,424.17
2023-03-07 15:00:00.482335,Olivia,15,nublado,25,69,44,Patinaje sobre hielo,13.24,73.7,Fuerza,Alta,487.93
2023-03-06 18:00:00.482335,Olivia,18,Lluvioso,20,64,28,Senderismo,4.25,72.56,Fuerza,Baja,154.2
2023-03-05 09:00:00.482335,John,9,Lluvioso,11,70,55,Escalada,6.27,93.46,Fuerza,Media,292.77
2023-03-04 22:00:00.482335,Sophia,22,Lluvioso,18,58,22,Natación,12.58,76.5,Flexibilidad,Media,481.3
2023-03-03 21:00:00.482335,John,21,nublado,30,58,25,Montañismo,12.19,73.4,Fuerza,Alta,447.47
2023-03-02 09:00:00.482335,Daniel,9,nublado,10,67,51,Béisbol,10.37,70.54,Equilibrio,Media,365.85
2023-03-01 08:00:00.482335,Emily,8,soleado,18,71,65,Frisbee,7.33,90.88,Velocidad,Baja,333.22
2023-02-28 16:00:00.482335,Emily,16,nublado,20,50,29,Minigolf,18.3,94.75,Equilibrio,Alta,867.09
2023-02-27 20:00:00.482335,Christopher,20,Lluvioso,23,71,55,Entrenamiento en circuito,7.13,92.66,Fuerza,Alta,330.13
2023-02-26 00:00:00.482335,Emily,0,Lluvioso,33,42,18,Ciclismo,9.38,83.68,Flexibilidad,Media,392.64
2023-02-25 20:00:00.482335,Olivia,20,nublado,19,78,48,Kickball,13.72,56.87,Flexibilidad,Media,390.21
2023-02-24 05:00:00.482335,Emma,5,Lluvioso,19,70,21,Marcha rápida,11.09,63.84,Velocidad,Media,353.98
2023-02-23 13:00:00.482335,Sophia,13,Lluvioso,28,46,62,Fútbol sala,7.26,52.3,Equilibrio,Alta,189.97
2023-02-22 05:00:00.482335,Christopher,5,nublado,21,38,22,Calistenia,9.0,96.54,Resistencia,Media,434.2
2023-02-21 16:00:00.482335,Christopher,16,nublado,16,70,47,Escalada,15.99,83.04,Equilibrio,Baja,664.0
2023-02-20 10:00:00.482335,Sophia,10,Lluvioso,21,30,41,Bádminton,5.92,87.32,Fuerza,Media,258.62
2023-02-19 12:00:00.482335,Olivia,12,Lluvioso,14,31,20,Ultimate frisbee,3.27,65.58,Resistencia,Media,107.35
2023-02-18 08:00:00.482335,Daniel,8,Lluvioso,14,77,28,Patinaje sobre hielo,6.61,92.28,Flexibilidad,Alta,304.84
2023-02-17 10:00:00.482335,Daniel,10,soleado,22,58,62,Máquina escaladora,17.07,62.98,Velocidad,Media,537.41
2023-02-16 02:00:00.482335,Christopher,2,soleado,20,62,21,Bolos,2.24,50.08,Velocidad,Alta,55.97
2023-02-15 01:00:00.482335,Daniel,1,soleado,33,39,43,Gimnasia,19.84,68.82,Flexibilidad,Media,682.64
2023-02-14 13:00:00.482335,Olivia,13,nublado,19,79,44,Baloncesto,11.05,78.54,Fuerza,Baja,433.91
2023-02-13 11:00:00.482335,Michael,11,soleado,25,69,63,Gimnasia,19.7,73.94,Flexibilidad,Baja,728.43
2023-02-12 22:00:00.482335,Michael,22,nublado,26,50,60,Frisbee,18.81,93.1,Fuerza,Alta,875.66
2023-02-11 05:00:00.482335,John,5,nublado,10,57,44,Patinaje sobre hielo,9.33,55.27,Resistencia,Alta,257.83
2023-02-10 11:00:00.482335,William,11,soleado,27,40,59,Kickboxing,4.37,77.69,Flexibilidad,Media,169.78
2023-02-09 18:00:00.482335,Jessica,18,soleado,14,63,23,Senderismo,3.72,75.65,Fuerza,Media,140.53
2023-02-08 15:00:00.482335,Emily,15,soleado,34,37,32,Ultimate frisbee,5.18,64.07,Resistencia,Baja,165.93
2023-02-07 19:00:00.482335,Daniel,19,Lluvioso,14,51,47,Kickboxing,14.35,91.11,Flexibilidad,Media,653.61
2023-02-06 03:00:00.482335,Michael,3,soleado,20,37,59,Balonmano,5.82,87.64,Velocidad,Baja,255.15
2023-02-05 10:00:00.482335,Emma,10,Lluvioso,12,78,54,Dardos,7.16,86.64,Flexibilidad,Alta,310.09
2023-02-04 18:00:00.482335,Sophia,18,nublado,35,44,54,Aeróbicos acuáticos,9.25,93.81,Equilibrio,Media,433.93
2023-02-03 03:00:00.482335,William,3,Lluvioso,23,46,59,Béisbol,18.31,86.14,Flexibilidad,Alta,788.52
2023-02-02 11:00:00.482335,John,11,soleado,25,52,54,Aeróbicos,4.19,61.59,Equilibrio,Media,129.13
2023-02-01 20:00:00.482335,Jessica,20,nublado,12,53,52,Petanca,0.6,85.28,Resistencia,Baja,25.5
2023-01-31 11:00:00.482335,Michael,11,nublado,29,74,40,Kickboxing,1.67,65.39,Flexibilidad,Alta,54.66
2023-01-30 04:00:00.482335,John,4,nublado,15,48,23,Aeróbicos acuáticos,18.14,62.11,Resistencia,Alta,563.42
2023-01-29 10:00:00.482335,William,10,Lluvioso,32,34,21,Boxeo,13.13,53.65,Resistencia,Media,352.12
2023-01-28 02:00:00.482335,Sophia,2,soleado,15,61,35,Ciclismo,5.82,87.2,Fuerza,Alta,253.94
2023-01-27 12:00:00.482335,Emily,12,nublado,15,73,26,Levantamiento de peso,3.96,85.55,Resistencia,Baja,169.19
2023-01-26 05:00:00.482335,Michael,5,nublado,11,30,46,Entrenamiento en circuito,6.24,61.72,Resistencia,Alta,192.53
2023-01-25 21:00:00.482335,Sophia,21,nublado,22,52,30,Artes marciales,2.74,87.47,Flexibilidad,Alta,119.77
2023-01-24 15:00:00.482335,Jessica,15,Lluvioso,24,66,64,Béisbol,18.86,95.89,Flexibilidad,Media,904.26
2023-01-23 13:00:00.482335,Daniel,13,Lluvioso,12,37,34,Entrenamiento en circuito,15.79,55.4,Velocidad,Alta,437.45
2023-01-22 16:00:00.482335,William,16,soleado,29,42,62,Dardos,9.52,61.63,Fuerza,Media,293.26
2023-01-21 13:00:00.482335,Jessica,13,Lluvioso,21,37,49,Petanca,17.37,87.51,Resistencia,Media,759.91
2023-01-20 12:00:00.482335,Emily,12,nublado,23,52,65,Ultimate frisbee,5.36,63.73,Fuerza,Alta,170.93
2023-01-19 21:00:00.482335,Sophia,21,soleado,21,72,39,Béisbol,14.48,81.23,Equilibrio,Baja,588.28
2023-01-18 20:00:00.482335,Olivia,20,nublado,20,30,21,Caminar,17.19,54.06,Resistencia,Media,464.75
2023-01-17 14:00:00.482335,Emily,14,nublado,24,74,22,Calva,7.46,72.61,Fuerza,Alta,270.73
2023-01-16 19:00:00.482335,Christopher,19,Lluvioso,14,80,54,Caminar,15.27,86.95,Velocidad,Media,663.92
2023-01-15 14:00:00.482335,Michael,14,soleado,15,53,58,Atletismo,6.25,84.33,Velocidad,Baja,263.68
2023-01-14 09:00:00.482335,Daniel,9,Lluvioso,32,64,30,Máquina escaladora,6.33,90.75,Resistencia,Baja,287.13
2023-01-13 02:00:00.482335,William,2,Lluvioso,34,53,51,Ciclismo estacionario,2.59,93.87,Equilibrio,Media,121.45
2023-01-12 00:00:00.482335,Emma,0,soleado,19,46,62,Aeróbicos acuáticos,9.08,88.66,Velocidad,Baja,402.56
2023-01-11 02:00:00.482335,Sophia,2,nublado,17,34,39,Salto a la comba,14.73,83.58,Velocidad,Alta,615.54
2023-01-10 17:00:00.482335,Olivia,17,nublado,26,49,40,Hockey,18.83,51.59,Equilibrio,Alta,485.79
2023-01-09 19:00:00.482335,Emma,19,soleado,20,50,20,Chito,12.27,76.75,Fuerza,Media,471.01
2023-01-08 07:00:00.482335,Michael,7,nublado,11,69,59,Billar,17.33,51.88,Velocidad,Baja,449.61
2023-01-07 03:00:00.482335,Michael,3,soleado,14,60,51,Ciclismo,16.54,90.4,Flexibilidad,Alta,747.57
2023-01-06 04:00:00.482335,William,4,soleado,28,75,49,Balonmano,3.88,66.04,Velocidad,Alta,128.12
2023-01-05 04:00:00.482335,Olivia,4,Lluvioso,26,65,62,Aeróbicos acuáticos,9.97,78.12,Fuerza,Alta,389.57
2023-01-04 15:00:00.482335,Michael,15,soleado,11,40,38,Fútbol,2.78,63.97,Fuerza,Media,88.92
2023-01-03 04:00:00.482335,Emma,4,Lluvioso,16,44,63,Minigolf,13.8,89.13,Resistencia,Media,615.05
2023-01-02 02:00:00.482335,Olivia,2,nublado,16,48,61,Petanca,19.02,94.33,Flexibilidad,Alta,897.18
2023-01-01 14:00:00.482335,Emma,14,nublado,27,36,38,Tai chi,3.17,69.93,Fuerza,Alta,110.96
2022-12-31 12:00:00.482335,Emily,12,nublado,10,80,61,Frontenis,14.81,93.15,Equilibrio,Baja,689.78
2022-12-30 10:00:00.482335,Jessica,10,nublado,13,57,28,Fútbol sala,12.83,63.35,Flexibilidad,Baja,406.37
2022-12-29 02:00:00.482335,Olivia,2,Lluvioso,30,80,56,Calva,11.88,76.73,Flexibilidad,Baja,455.81
2022-12-28 11:00:00.482335,John,11,nublado,14,72,21,Kickboxing,8.11,92.94,Equilibrio,Media,376.74
2022-12-27 09:00:00.482335,Jessica,9,soleado,26,34,18,Marcha rápida,7.43,66.29,Velocidad,Alta,246.12
2022-12-26 21:00:00.482335,Jessica,21,soleado,16,34,45,Fútbol,1.38,97.7,Equilibrio,Media,67.53
2022-12-25 05:00:00.482335,Olivia,5,soleado,12,59,41,Ultimate frisbee,4.75,56.09,Equilibrio,Alta,133.2
2022-12-24 22:00:00.482335,Daniel,22,Lluvioso,16,61,52,Calva,0.8,50.91,Velocidad,Baja,20.26
2022-12-23 21:00:00.482335,Michael,21,nublado,28,37,30,Béisbol,11.84,95.21,Velocidad,Baja,563.51
2022-12-22 22:00:00.482335,Emily,22,nublado,31,39,64,Patinaje sobre hielo,2.56,53.43,Velocidad,Baja,68.5
2022-12-21 04:00:00.482335,Daniel,4,nublado,31,67,51,Ultimate frisbee,17.52,99.59,Velocidad,Baja,872.64
2022-12-20 10:00:00.482335,Daniel,10,Lluvioso,20,76,28,Tenis,10.7,97.57,Velocidad,Alta,522.06
2022-12-19 22:00:00.482335,John,22,soleado,27,61,53,Frisbee,14.14,56.85,Equilibrio,Baja,402.05
2022-12-18 22:00:00.482335,Sophia,22,soleado,15,77,34,Ultimate frisbee,8.51,76.88,Resistencia,Alta,327.19
2022-12-17 12:00:00.482335,Olivia,12,nublado,17,57,52,Chito,11.43,59.25,Resistencia,Alta,338.63
2022-12-16 04:00:00.482335,Emma,4,soleado,32,46,35,Marcha rápida,18.88,71.41,Fuerza,Media,674.16
2022-12-15 07:00:00.482335,Michael,7,soleado,10,60,57,Ciclismo,2.11,53.07,Resistencia,Baja,56.08
2022-12-14 21:00:00.482335,Daniel,21,Lluvioso,12,37,39,Kickball,5.45,61.2,Resistencia,Baja,166.81
2022-12-13 20:00:00.482335,Emily,20,Lluvioso,15,69,41,Voleibol acuático,15.71,68.16,Equilibrio,Media,535.42
2022-12-12 04:00:00.482335,Sophia,4,Lluvioso,11,54,36,Salto a la comba,2.43,71.93,Velocidad,Alta,87.23
2022-12-11 19:00:00.482335,John,19,Lluvioso,15,38,54,Minigolf,1.98,98.87,Velocidad,Baja,97.66
2022-12-10 15:00:00.482335,Christopher,15,nublado,25,31,56,Ciclismo estacionario,7.55,90.39,Equilibrio,Alta,341.24
2022-12-09 18:00:00.482335,Michael,18,Lluvioso,21,44,38,Levantamiento de peso,2.3,86.87,Resistencia,Media,99.78
2022-12-08 22:00:00.482335,Christopher,22,soleado,32,79,25,Bolos,11.91,76.85,Equilibrio,Alta,457.62
2022-12-07 09:00:00.482335,Jessica,9,nublado,30,32,45,Calva,4.91,92.0,Fuerza,Baja,225.97
2022-12-06 13:00:00.482335,Daniel,13,soleado,19,78,22,Aeróbicos acuáticos,17.97,66.97,Velocidad,Alta,601.56
2022-12-05 12:00:00.482335,William,12,soleado,16,65,34,Yoga,15.78,85.44,Flexibilidad,Alta,674.09
2022-12-04 08:00:00.482335,Michael,8,soleado,19,33,54,Escalada,14.14,99.69,Fuerza,Baja,705.01
2022-12-03 06:00:00.482335,Emma,6,Lluvioso,25,43,53,Raquetbol,12.53,65.73,Fuerza,Baja,411.82
2022-12-02 16:00:00.482335,Sophia,16,Lluvioso,17,70,36,Montañismo,17.34,83.7,Equilibrio,Alta,725.59
2022-12-01 14:00:00.482335,Emily,14,nublado,26,70,44,Levantamiento de peso,4.85,92.22,Resistencia,Alta,223.61
2022-11-30 02:00:00.482335,Michael,2,nublado,20,54,51,Béisbol,17.53,95.79,Velocidad,Media,839.39
2022-11-29 03:00:00.482335,Emma,3,Lluvioso,24,79,28,Skateboard,15.9,85.9,Flexibilidad,Baja,682.67
2022-11-28 22:00:00.482335,Olivia,22,soleado,21,39,62,Ciclismo,15.09,64.18,Fuerza,Alta,484.21
2022-11-27 14:00:00.482335,Christopher,14,nublado,17,50,64,Kickboxing,11.44,66.31,Flexibilidad,Baja,379.47
2022-11-26 00:00:00.482335,Olivia,0,Lluvioso,34,65,29,Calistenia,5.3,51.04,Resistencia,Media,135.3
2022-11-25 22:00:00.482335,Sophia,22,Lluvioso,29,41,38,BMX,8.76,88.04,Resistencia,Alta,385.6
2022-11-24 11:00:00.482335,John,11,Lluvioso,14,56,28,Frisbee,15.97,52.14,Flexibilidad,Alta,416.43
2022-11-23 03:00:00.482335,Daniel,3,soleado,32,69,56,Petanca,1.12,93.23,Velocidad,Alta,52.2
2022-11-22 15:00:00.482335,Michael,15,Lluvioso,22,31,45,Hockey,15.75,55.93,Resistencia,Baja,440.47
2022-11-21 17:00:00.482335,William,17,Lluvioso,32,42,22,Aeróbicos acuáticos,5.18,58.59,Flexibilidad,Media,151.8
2022-11-20 01:00:00.482335,Christopher,1,Lluvioso,30,61,34,Voleibol acuático,3.31,73.83,Fuerza,Baja,122.33
2022-11-19 21:00:00.482335,Christopher,21,Lluvioso,21,60,37,Bolos,2.76,86.89,Flexibilidad,Alta,119.75
2022-11-18 00:00:00.482335,Michael,0,nublado,11,45,58,Minigolf,1.03,56.95,Flexibilidad,Media,29.37
2022-11-17 23:00:00.482335,Jessica,23,nublado,17,61,63,Nado sincronizado,10.71,72.0,Equilibrio,Alta,385.58
2022-11-16 13:00:00.482335,Olivia,13,Lluvioso,24,61,29,Montañismo,4.76,74.14,Resistencia,Alta,176.31
2022-11-15 21:00:00.482335,Christopher,21,soleado,26,63,23,Golf,19.79,60.61,Velocidad,Baja,599.9
2022-11-14 05:00:00.482335,Emma,5,nublado,16,40,34,Senderismo,11.7,55.78,Velocidad,Alta,326.34
2022-11-13 05:00:00.482335,Emily,5,Lluvioso,13,39,36,Minigolf,3.19,91.82,Equilibrio,Media,146.4
2022-11-12 07:00:00.482335,Daniel,7,nublado,31,44,43,Skateboard,13.93,75.12,Velocidad,Alta,523.27
2022-11-11 10:00:00.482335,Christopher,10,nublado,35,46,65,Salto a la comba,18.01,50.72,Flexibilidad,Alta,456.62
2022-11-10 11:00:00.482335,Emma,11,soleado,23,69,61,Kickball,15.03,90.15,Equilibrio,Baja,677.52
2022-11-09 20:00:00.482335,Sophia,20,Lluvioso,14,47,61,Hockey,1.99,99.04,Fuerza,Media,98.57
2022-11-08 15:00:00.482335,Sophia,15,Lluvioso,17,38,49,Tenis en pareja,17.97,80.3,Resistencia,Baja,721.45
2022-11-07 06:00:00.482335,Daniel,6,soleado,10,54,23,Artes marciales,15.98,75.19,Resistencia,Alta,600.79
2022-11-06 17:00:00.482335,Jessica,17,soleado,33,69,53,BMX,3.59,93.92,Resistencia,Baja,168.44
2022-11-05 16:00:00.482335,William,16,Lluvioso,13,43,55,Caminar,1.51,97.63,Flexibilidad,Baja,73.7
2022-11-04 15:00:00.482335,Daniel,15,Lluvioso,24,54,28,Tenis en pareja,11.37,87.73,Fuerza,Baja,498.62
2022-11-03 04:00:00.482335,John,4,soleado,17,79,50,Calistenia,3.54,72.27,Equilibrio,Baja,128.02
2022-11-02 08:00:00.482335,Jessica,8,nublado,24,51,41,Máquina escaladora,16.77,79.61,Equilibrio,Alta,667.72
2022-11-01 14:00:00.482335,Christopher,14,nublado,26,59,40,Caminar,7.49,85.05,Resistencia,Alta,318.39
2022-10-31 01:00:00.482335,Daniel,1,soleado,31,49,32,Yoga,18.3,59.71,Fuerza,Media,546.42
2022-10-30 02:00:00.482335,Olivia,2,nublado,15,50,44,Skateboard,11.53,72.36,Fuerza,Baja,417.19
2022-10-29 23:00:00.482335,Sophia,23,soleado,10,73,28,Frisbee,4.06,91.49,Fuerza,Baja,185.82
2022-10-28 02:00:00.482335,Emma,2,nublado,13,61,34,BMX,3.22,82.74,Velocidad,Media,133.3
2022-10-27 19:00:00.482335,Daniel,19,nublado,33,80,31,Aeróbicos acuáticos,11.74,70.56,Velocidad,Baja,414.23
2022-10-26 11:00:00.482335,Olivia,11,Lluvioso,32,75,44,Skateboard,15.36,83.17,Resistencia,Media,638.6
2022-10-25 09:00:00.482335,Jessica,9,Lluvioso,25,78,35,Yoga,15.74,55.91,Fuerza,Alta,440.0
2022-10-24 20:00:00.482335,John,20,nublado,25,50,45,Tenis en pareja,5.88,70.07,Fuerza,Media,205.92
2022-10-23 07:00:00.482335,Emma,7,nublado,27,64,64,Voleibol,4.48,89.66,Equilibrio,Baja,200.96
2022-10-22 17:00:00.482335,Emily,17,Lluvioso,14,61,64,Tenis de mesa / ping pong,0.83,61.03,Equilibrio,Media,25.23
2022-10-21 09:00:00.482335,John,9,Lluvioso,33,59,21,Raquetbol,13.74,59.3,Resistencia,Alta,407.51
2022-10-20 06:00:00.482335,Christopher,6,Lluvioso,20,68,24,Raquetbol,1.99,97.54,Fuerza,Baja,97.2
2022-10-19 23:00:00.482335,Olivia,23,soleado,20,78,62,Levantamiento de peso,8.7,60.49,Resistencia,Alta,263.3
2022-10-18 06:00:00.482335,Daniel,6,nublado,23,41,52,Montañismo,12.23,63.05,Equilibrio,Alta,385.61
2022-10-17 05:00:00.482335,Daniel,5,Lluvioso,11,70,65,Fútbol,18.77,98.48,Equilibrio,Media,924.42
2022-10-16 13:00:00.482335,Michael,13,nublado,14,76,26,Boxeo,6.58,86.74,Velocidad,Alta,285.37
2022-10-15 13:00:00.482335,Sophia,13,soleado,28,47,25,Aeróbicos acuáticos,5.37,84.98,Resistencia,Baja,228.19
2022-10-14 16:00:00.482335,Christopher,16,soleado,12,50,62,Natación,13.26,92.65,Resistencia,Alta,614.07
2022-10-13 02:00:00.482335,Olivia,2,Lluvioso,25,42,34,Calva,12.58,55.79,Fuerza,Alta,350.79
2022-10-12 22:00:00.482335,Daniel,22,soleado,16,50,34,Patinaje sobre hielo,6.98,85.3,Fuerza,Media,297.52
2022-10-11 12:00:00.482335,Emily,12,nublado,20,37,50,Natación,18.6,75.18,Velocidad,Alta,699.14
2022-10-10 05:00:00.482335,Emma,5,Lluvioso,17,75,49,Chito,16.97,91.46,Flexibilidad,Media,776.24
2022-10-09 08:00:00.482335,Christopher,8,nublado,19,69,25,Waterpolo,4.87,75.41,Flexibilidad,Media,183.53
2022-10-08 08:00:00.482335,Jessica,8,nublado,28,75,36,Golf,5.16,81.01,Flexibilidad,Baja,209.14
2022-10-07 13:00:00.482335,Emily,13,soleado,17,36,55,Hockey,10.49,73.89,Resistencia,Baja,387.53
2022-10-06 20:00:00.482335,Emma,20,soleado,24,52,20,Artes marciales,15.58,73.91,Resistencia,Baja,575.91
2022-10-05 19:00:00.482335,William,19,soleado,22,73,22,Marcha rápida,1.36,88.4,Equilibrio,Baja,60.06
2022-10-04 23:00:00.482335,Sophia,23,soleado,27,61,30,Bolos,14.02,81.43,Resistencia,Media,570.81
2022-10-03 08:00:00.482335,Christopher,8,soleado,33,40,64,Calistenia,13.14,81.66,Resistencia,Alta,536.55
2022-10-02 04:00:00.482335,Olivia,4,Lluvioso,28,51,63,Kickboxing,5.01,72.51,Resistencia,Baja,181.79
2022-10-01 12:00:00.482335,John,12,nublado,15,51,48,Yoga,13.79,76.56,Velocidad,Baja,527.71
2022-09-30 15:00:00.482335,Emma,15,nublado,11,72,33,Calva,18.83,87.29,Resistencia,Baja,821.95
2022-09-29 10:00:00.482335,Jessica,10,nublado,17,54,49,Petanca,1.41,91.3,Fuerza,Alta,64.47
2022-09-28 17:00:00.482335,Daniel,17,nublado,25,51,39,Frisbee,6.73,84.83,Fuerza,Baja,285.58
2022-09-27 09:00:00.482335,John,9,soleado,11,57,46,Senderismo,9.04,96.2,Equilibrio,Alta,435.05
2022-09-26 04:00:00.482335,Emily,4,nublado,22,58,39,Artes marciales,18.04,91.02,Velocidad,Media,820.76
2022-09-25 01:00:00.482335,Sophia,1,Lluvioso,25,42,60,Boxeo,19.26,78.09,Fuerza,Media,752.2
2022-09-24 19:00:00.482335,Olivia,19,Lluvioso,18,47,20,Tai chi,9.16,83.57,Velocidad,Media,382.76
2022-09-23 00:00:00.482335,John,0,nublado,29,31,27,Béisbol,15.13,96.32,Velocidad,Alta,728.41
2022-09-22 21:00:00.482335,Jessica,21,nublado,13,58,59,Tenis de mesa / ping pong,10.87,80.96,Equilibrio,Baja,439.9
2022-09-21 11:00:00.482335,Emma,11,Lluvioso,12,50,38,Natación,10.99,91.24,Velocidad,Baja,501.22
2022-09-20 17:00:00.482335,Olivia,17,Lluvioso,28,44,33,Ultimate frisbee,5.92,84.44,Resistencia,Baja,250.07
2022-09-19 18:00:00.482335,William,18,soleado,22,56,29,Tenis en pareja,4.73,77.6,Velocidad,Baja,183.54
2022-09-18 20:00:00.482335,Daniel,20,Lluvioso,27,79,19,Sóftbol,6.12,62.09,Equilibrio,Baja,189.88
2022-09-17 16:00:00.482335,Sophia,16,soleado,21,60,58,Fútbol sala,11.35,71.3,Equilibrio,Alta,404.57
2022-09-16 05:00:00.482335,John,5,soleado,16,44,41,Caminar,1.07,98.39,Equilibrio,Media,52.56
2022-09-15 01:00:00.482335,Sophia,1,soleado,30,80,52,Voleibol acuático,18.19,82.89,Fuerza,Baja,753.92
2022-09-14 01:00:00.482335,Sophia,1,soleado,30,52,47,Gimnasia,3.55,78.22,Resistencia,Media,138.74
2022-09-13 15:00:00.482335,Sophia,15,soleado,27,53,47,Marcha rápida,4.79,96.65,Fuerza,Alta,231.56
2022-09-12 13:00:00.482335,Emma,13,nublado,17,73,64,Raquetbol,10.61,79.33,Flexibilidad,Alta,420.68
2022-09-11 16:00:00.482335,Sophia,16,Lluvioso,25,42,52,Waterpolo,14.35,76.3,Resistencia,Baja,547.38
2022-09-10 07:00:00.482335,William,7,soleado,19,51,36,Marcha rápida,2.37,87.97,Velocidad,Alta,104.09
2022-09-09 21:00:00.482335,Emily,21,Lluvioso,12,72,25,Escalada,6.7,85.63,Equilibrio,Media,286.66
2022-09-08 00:00:00.482335,Jessica,0,Lluvioso,33,66,43,Voleibol,19.39,59.66,Flexibilidad,Baja,578.36
2022-09-07 00:00:00.482335,Olivia,0,soleado,13,62,57,Entrenamiento en circuito,5.62,73.57,Resistencia,Baja,206.56
2022-09-06 21:00:00.482335,William,21,nublado,34,32,24,Tai chi,6.6,73.63,Fuerza,Media,243.13
2022-09-05 15:00:00.482335,Olivia,15,soleado,21,48,47,Montañismo,16.81,68.91,Equilibrio,Baja,579.26
2022-09-04 12:00:00.482335,Jessica,12,nublado,15,52,24,Salto a la comba,1.48,75.86,Fuerza,Baja,56.11
2022-09-03 18:00:00.482335,Emily,18,Lluvioso,24,58,20,Sóftbol,9.56,70.66,Resistencia,Media,337.73
2022-09-02 06:00:00.482335,Christopher,6,nublado,32,59,18,Correr,7.9,59.97,Resistencia,Baja,236.95
2022-09-01 21:00:00.482335,Olivia,21,nublado,28,68,53,Natación,6.67,70.62,Flexibilidad,Baja,235.63
2022-08-31 09:00:00.482335,Olivia,9,nublado,30,73,42,Ciclismo estacionario,6.07,53.61,Velocidad,Media,162.75
2022-08-30 04:00:00.482335,Emily,4,Lluvioso,26,76,54,Escalada,2.28,78.79,Fuerza,Alta,89.89
2022-08-29 11:00:00.482335,John,11,Lluvioso,27,54,18,Correr,6.64,92.68,Flexibilidad,Media,307.67
2022-08-28 09:00:00.482335,William,9,nublado,31,66,32,Billar,1.34,86.26,Equilibrio,Baja,57.78
2022-08-27 04:00:00.482335,John,4,nublado,16,76,54,Dardos,15.73,68.02,Velocidad,Media,534.93
2022-08-26 19:00:00.482335,John,19,soleado,22,37,30,Kickball,8.27,54.35,Flexibilidad,Baja,224.63
2022-08-25 03:00:00.482335,John,3,nublado,16,71,57,Montañismo,9.16,60.11,Fuerza,Baja,275.18
2022-08-24 02:00:00.482335,Sophia,2,soleado,35,45,25,Frontenis,17.93,77.27,Resistencia,Media,692.58
2022-08-23 01:00:00.482335,Daniel,1,nublado,34,37,22,Aeróbicos acuáticos,13.33,60.35,Equilibrio,Baja,402.31
2022-08-22 05:00:00.482335,Olivia,5,soleado,11,30,26,Dardos,0.66,77.2,Fuerza,Alta,25.37
2022-08-21 21:00:00.482335,John,21,Lluvioso,28,73,18,Fútbol,18.89,61.58,Velocidad,Baja,581.68
2022-08-20 09:00:00.482335,William,9,nublado,33,34,53,Frisbee,5.12,92.45,Velocidad,Media,236.86
2022-08-19 22:00:00.482335,Daniel,22,nublado,15,32,52,Skateboard,2.6,69.86,Resistencia,Alta,90.77
2022-08-18 04:00:00.482335,Daniel,4,nublado,24,30,19,Bádminton,15.48,62.28,Resistencia,Alta,481.98
2022-08-17 10:00:00.482335,John,10,nublado,33,33,57,Senderismo,10.26,90.62,Equilibrio,Baja,464.83
2022-08-16 14:00:00.482335,Emma,14,soleado,11,69,40,Voleibol,8.96,67.14,Equilibrio,Media,300.75
2022-08-15 08:00:00.482335,John,8,nublado,27,64,26,Ciclismo estacionario,5.37,55.57,Resistencia,Baja,149.09
2022-08-14 02:00:00.482335,Emma,2,Lluvioso,17,61,51,Aeróbicos acuáticos,11.18,78.52,Resistencia,Baja,438.76
2022-08-13 20:00:00.482335,John,20,Lluvioso,33,71,63,Fútbol,5.85,79.08,Velocidad,Media,231.32
2022-08-12 03:00:00.482335,William,3,nublado,34,63,31,BMX,18.08,85.73,Resistencia,Media,775.08
2022-08-11 11:00:00.482335,Emma,11,Lluvioso,34,72,21,Frontenis,4.7,62.01,Flexibilidad,Baja,145.62
2022-08-10 06:00:00.482335,Sophia,6,nublado,22,54,47,Senderismo,17.74,72.19,Fuerza,Alta,640.49
2022-08-09 23:00:00.482335,Daniel,23,nublado,32,39,48,Calva,11.41,64.12,Resistencia,Baja,365.74
2022-08-08 09:00:00.482335,John,9,Lluvioso,31,50,55,Voleibol,16.66,54.05,Equilibrio,Alta,450.1
2022-08-07 02:00:00.482335,Daniel,2,nublado,18,75,28,Aeróbicos,14.4,93.83,Flexibilidad,Baja,675.6
2022-08-06 16:00:00.482335,John,16,Lluvioso,31,68,52,Nado sincronizado,14.09,86.44,Equilibrio,Media,608.8
2022-08-05 20:00:00.482335,Olivia,20,soleado,11,56,25,Voleibol,6.82,65.07,Flexibilidad,Alta,222.05
2022-08-04 23:00:00.482335,Olivia,23,nublado,25,56,20,Tenis de mesa / ping pong,5.06,79.97,Resistencia,Media,202.36
2022-08-03 19:00:00.482335,Michael,19,soleado,16,31,31,Boxeo,4.61,60.06,Fuerza,Media,138.51
2022-08-02 08:00:00.482335,John,8,Lluvioso,13,70,30,Yoga,17.22,94.51,Equilibrio,Media,813.52
2022-08-01 21:00:00.482335,Michael,21,soleado,12,77,62,Levantamiento de peso,16.5,55.75,Flexibilidad,Media,459.85
2022-07-31 10:00:00.482335,Emily,10,soleado,27,42,49,Tai chi,9.09,50.19,Velocidad,Media,228.15
2022-07-30 11:00:00.482335,Emily,11,Lluvioso,18,38,51,Hockey,3.08,75.1,Resistencia,Baja,115.73
2022-07-29 17:00:00.482335,Daniel,17,soleado,28,65,62,Fútbol sala,7.95,79.16,Fuerza,Alta,314.8
2022-07-28 19:00:00.482335,Emma,19,soleado,12,51,36,Caminar,12.58,78.95,Resistencia,Baja,496.47
2022-07-27 02:00:00.482335,John,2,Lluvioso,18,71,55,Artes marciales,9.36,52.73,Velocidad,Baja,246.78
2022-07-26 06:00:00.482335,Jessica,6,soleado,23,55,33,Escalada,15.71,65.7,Fuerza,Baja,516.21
2022-07-25 03:00:00.482335,John,3,Lluvioso,30,41,19,Patinaje sobre hielo,19.95,74.96,Velocidad,Media,747.86
2022-07-24 07:00:00.482335,John,7,soleado,18,46,57,Patinaje,4.23,60.83,Resistencia,Baja,128.56
2022-07-23 21:00:00.482335,Jessica,21,Lluvioso,26,43,34,Yoga,9.46,93.63,Flexibilidad,Alta,443.03
2022-07-22 15:00:00.482335,Emily,15,Lluvioso,32,43,51,Dardos,8.9,54.36,Resistencia,Baja,242.0
2022-07-21 21:00:00.482335,Michael,21,soleado,25,63,59,Senderismo,6.44,74.37,Resistencia,Media,239.38
2022-07-20 15:00:00.482335,Daniel,15,soleado,16,49,33,Golf,4.36,84.57,Resistencia,Alta,184.49
2022-07-19 04:00:00.482335,Emily,4,soleado,11,40,55,Ciclismo,1.78,63.09,Equilibrio,Alta,56.18
2022-07-18 03:00:00.482335,Jessica,3,nublado,32,45,19,Tai chi,17.8,81.21,Velocidad,Alta,722.74
2022-07-17 02:00:00.482335,John,2,nublado,11,80,19,Fútbol,8.69,91.47,Velocidad,Alta,397.3
2022-07-16 13:00:00.482335,Emily,13,nublado,32,60,43,Sóftbol,10.19,59.52,Velocidad,Baja,303.22
2022-07-15 08:00:00.482335,William,8,Lluvioso,23,35,30,Skateboard,18.38,95.86,Equilibrio,Media,880.98
2022-07-14 11:00:00.482335,Olivia,11,soleado,33,48,64,Natación,15.64,77.68,Flexibilidad,Alta,607.35
2022-07-13 05:00:00.482335,John,5,Lluvioso,30,66,48,Tai chi,3.04,64.96,Resistencia,Alta,98.9
2022-07-12 18:00:00.482335,Christopher,18,nublado,35,33,51,Patinaje,11.53,71.54,Flexibilidad,Media,412.29
2022-07-11 09:00:00.482335,Jessica,9,soleado,19,76,56,Bolos,9.12,65.61,Equilibrio,Baja,299.31
2022-07-10 11:00:00.482335,Sophia,11,Lluvioso,29,33,20,Artes marciales,16.05,86.26,Velocidad,Alta,692.01
2022-07-09 11:00:00.482335,Emma,11,soleado,20,49,25,Dardos,14.62,89.82,Resistencia,Baja,656.66
2022-07-08 02:00:00.482335,Sophia,2,Lluvioso,22,39,40,Salto a la comba,13.96,91.65,Fuerza,Baja,639.83
2022-07-07 02:00:00.482335,Emily,2,soleado,26,53,31,Minigolf,7.14,99.29,Fuerza,Baja,354.49
2022-07-06 02:00:00.482335,John,2,nublado,32,64,44,Correr,16.2,89.56,Flexibilidad,Baja,725.33
2022-07-05 09:00:00.482335,Emma,9,nublado,35,55,46,Bádminton,1.52,80.07,Velocidad,Alta,60.92
2022-07-04 00:00:00.482335,Emma,0,soleado,29,66,56,Calistenia,3.61,66.96,Fuerza,Alta,120.95
2022-07-03 09:00:00.482335,Daniel,9,Lluvioso,20,67,56,Minigolf,7.04,77.23,Flexibilidad,Baja,272.03
2022-07-02 03:00:00.482335,Sophia,3,nublado,21,50,18,Máquina escaladora,2.0,52.05,Equilibrio,Baja,51.99
2022-07-01 11:00:00.482335,John,11,nublado,28,69,34,Tai chi,5.08,87.24,Flexibilidad,Media,221.7
2022-06-30 05:00:00.482335,Daniel,5,nublado,16,68,58,Patinaje sobre hielo,16.69,72.3,Flexibilidad,Media,603.25
2022-06-29 20:00:00.482335,Michael,20,soleado,13,50,47,Balonmano,18.99,51.0,Flexibilidad,Media,484.28
2022-06-28 08:00:00.482335,Sophia,8,soleado,19,39,30,Calistenia,6.44,53.13,Resistencia,Alta,171.06
2022-06-27 20:00:00.482335,Olivia,20,Lluvioso,17,67,38,Artes marciales,5.66,69.37,Flexibilidad,Media,196.26
2022-06-26 02:00:00.482335,Olivia,2,Lluvioso,17,75,36,Bolos,5.96,79.17,Flexibilidad,Alta,235.85
2022-06-25 14:00:00.482335,Daniel,14,Lluvioso,16,33,36,BMX,5.92,73.21,Resistencia,Alta,216.54
2022-06-24 17:00:00.482335,Michael,17,soleado,11,74,42,Frontenis,1.2,80.96,Resistencia,Alta,48.6
2022-06-23 00:00:00.482335,William,0,soleado,10,49,39,Ciclismo estacionario,18.57,74.01,Equilibrio,Alta,687.41
2022-06-22 10:00:00.482335,William,10,Lluvioso,35,46,48,Baloncesto,4.67,83.09,Velocidad,Media,193.88
2022-06-21 18:00:00.482335,Olivia,18,Lluvioso,21,36,34,Fútbol,8.69,60.96,Fuerza,Baja,264.86
2022-06-20 08:00:00.482335,Christopher,8,soleado,20,33,40,Natación,0.69,55.64,Fuerza,Baja,19.17
2022-06-19 14:00:00.482335,Jessica,14,Lluvioso,27,58,49,BMX,17.23,79.82,Flexibilidad,Baja,687.67
2022-06-18 14:00:00.482335,Jessica,14,nublado,15,43,27,Fútbol,14.76,74.23,Equilibrio,Media,547.76
2022-06-17 12:00:00.482335,Christopher,12,soleado,34,32,27,Fútbol,18.96,51.34,Flexibilidad,Baja,486.78
2022-06-16 16:00:00.482335,Daniel,16,Lluvioso,30,53,53,Golf,15.74,69.02,Fuerza,Media,543.27
2022-06-15 04:00:00.482335,Jessica,4,soleado,12,66,25,Montañismo,6.62,55.31,Resistencia,Media,182.99
2022-06-14 10:00:00.482335,Jessica,10,nublado,20,45,37,Kickboxing,5.33,76.57,Velocidad,Media,204.19
2022-06-13 15:00:00.482335,Sophia,15,soleado,32,33,49,Entrenamiento en circuito,14.11,69.79,Equilibrio,Baja,492.2
2022-06-12 11:00:00.482335,Sophia,11,soleado,34,53,31,Caminar,7.6,80.66,Resistencia,Baja,306.51
2022-06-11 02:00:00.482335,Christopher,2,soleado,22,63,45,Aeróbicos acuáticos,11.54,90.28,Velocidad,Baja,520.97
2022-06-10 12:00:00.482335,John,12,soleado,25,59,63,Artes marciales,0.62,64.98,Equilibrio,Alta,20.21
2022-06-09 01:00:00.482335,Michael,1,nublado,14,47,41,Golf,1.71,98.11,Equilibrio,Media,83.72
2022-06-08 22:00:00.482335,Daniel,22,soleado,35,48,32,Natación,10.94,76.78,Fuerza,Alta,419.98
2022-06-07 11:00:00.482335,Sophia,11,soleado,16,60,39,Máquina escaladora,11.54,80.91,Resistencia,Media,466.81
2022-06-06 23:00:00.482335,Sophia,23,Lluvioso,34,48,47,Ciclismo estacionario,15.15,84.03,Equilibrio,Baja,636.69
2022-06-05 21:00:00.482335,William,21,soleado,26,78,21,Tenis en pareja,3.07,83.34,Equilibrio,Media,128.06
2022-06-04 05:00:00.482335,Michael,5,Lluvioso,25,75,30,Marcha rápida,10.51,75.55,Velocidad,Media,396.9
2022-06-03 23:00:00.482335,William,23,nublado,23,48,40,Ultimate frisbee,4.29,71.44,Fuerza,Alta,153.3
2022-06-02 04:00:00.482335,John,4,nublado,16,51,25,Frisbee,2.32,52.69,Flexibilidad,Media,61.05
2022-06-01 06:00:00.482335,Michael,6,nublado,14,53,35,Chito,8.5,51.1,Fuerza,Baja,217.31
2022-05-31 20:00:00.482335,Jessica,20,nublado,16,74,29,Calistenia,3.69,67.9,Flexibilidad,Media,125.1
2022-05-30 08:00:00.482335,William,8,Lluvioso,15,41,48,Entrenamiento en circuito,4.82,66.68,Resistencia,Media,160.86
2022-05-29 01:00:00.482335,Olivia,1,soleado,29,59,31,BMX,6.69,69.38,Resistencia,Media,232.17
2022-05-28 14:00:00.482335,Daniel,14,nublado,19,67,51,Calistenia,5.56,56.92,Equilibrio,Alta,158.18
2022-05-27 16:00:00.482335,Jessica,16,soleado,11,60,35,Atletismo,2.21,86.91,Resistencia,Media,95.95
2022-05-26 13:00:00.482335,Michael,13,Lluvioso,34,65,51,Calva,2.25,92.85,Equilibrio,Media,104.61
2022-05-25 20:00:00.482335,Olivia,20,Lluvioso,32,48,28,Senderismo,4.27,96.94,Fuerza,Alta,206.88
2022-05-24 03:00:00.482335,John,3,Lluvioso,33,77,58,Tenis de mesa / ping pong,1.49,74.62,Resistencia,Alta,55.44
2022-05-23 21:00:00.482335,Olivia,21,nublado,35,74,29,Gimnasia,12.72,85.04,Fuerza,Alta,540.7
2022-05-22 12:00:00.482335,Sophia,12,soleado,14,65,32,Hockey,6.1,92.78,Fuerza,Alta,283.1
2022-05-21 01:00:00.482335,Christopher,1,soleado,20,59,48,Golf,5.96,70.91,Resistencia,Baja,211.15
2022-05-20 19:00:00.482335,Olivia,19,soleado,29,78,46,Waterpolo,6.97,65.47,Fuerza,Baja,228.3
2022-05-19 11:00:00.482335,Emma,11,Lluvioso,27,62,43,Balonmano,13.42,96.84,Resistencia,Media,649.99
2022-05-18 13:00:00.482335,John,13,nublado,14,47,35,Hockey,17.48,75.78,Resistencia,Baja,662.25
2022-05-17 17:00:00.482335,Jessica,17,Lluvioso,30,78,49,Tenis en pareja,15.3,74.86,Resistencia,Media,572.78
2022-05-16 20:00:00.482335,William,20,Lluvioso,16,57,39,Frontenis,14.69,58.92,Flexibilidad,Baja,432.68
2022-05-15 13:00:00.482335,Emily,13,soleado,16,76,55,Voleibol,9.95,55.41,Fuerza,Alta,275.53
2022-05-14 12:00:00.482335,John,12,Lluvioso,23,40,34,Raquetbol,14.03,92.11,Velocidad,Alta,646.08
2022-05-13 22:00:00.482335,Emma,22,soleado,25,74,40,Frontenis,11.28,80.71,Resistencia,Baja,455.14
2022-05-12 05:00:00.482335,Sophia,5,nublado,25,62,41,Raquetbol,4.72,66.29,Fuerza,Baja,156.34
2022-05-11 15:00:00.482335,William,15,soleado,12,46,25,Entrenamiento en circuito,4.57,59.59,Equilibrio,Media,136.08
2022-05-10 16:00:00.482335,Daniel,16,nublado,32,35,58,Skateboard,6.28,77.77,Resistencia,Media,244.2
2022-05-09 09:00:00.482335,Emily,9,soleado,17,33,23,Voleibol,18.26,79.2,Resistencia,Media,723.08
2022-05-08 02:00:00.482335,Olivia,2,Lluvioso,13,49,22,Tenis de mesa / ping pong,11.17,60.35,Velocidad,Alta,337.19
2022-05-07 17:00:00.482335,Emma,17,Lluvioso,32,77,61,Caminar,14.81,92.57,Flexibilidad,Alta,685.54
2022-05-06 13:00:00.482335,Olivia,13,nublado,34,76,46,Tenis de mesa / ping pong,7.26,54.21,Flexibilidad,Alta,196.74
2022-05-05 04:00:00.482845,Daniel,4,nublado,32,56,45,Fútbol sala,8.45,67.8,Resistencia,Alta,286.49
2022-05-04 17:00:00.482845,John,17,nublado,30,44,28,Billar,2.95,84.02,Fuerza,Media,123.87
2022-05-03 06:00:00.482845,Christopher,6,soleado,26,35,18,Escalada,3.84,63.71,Equilibrio,Alta,122.32
2022-05-02 03:00:00.482845,Emma,3,soleado,24,76,60,Caminar,16.63,91.38,Equilibrio,Alta,760.01
2022-05-01 23:00:00.482845,Michael,23,nublado,12,43,36,Golf,11.9,86.99,Fuerza,Alta,517.8
2022-04-30 15:00:00.482845,Jessica,15,Lluvioso,20,40,26,Yoga,7.08,89.45,Resistencia,Alta,316.74
2022-04-29 15:00:00.482845,Michael,15,soleado,19,68,44,Levantamiento de peso,16.16,55.96,Equilibrio,Baja,452.0
2022-04-28 11:00:00.482845,Christopher,11,soleado,16,38,51,Nado sincronizado,5.31,57.03,Flexibilidad,Media,151.33
2022-04-27 20:00:00.482845,Daniel,20,soleado,28,55,61,Tenis en pareja,19.53,64.32,Fuerza,Media,628.21
2022-04-26 08:00:00.482845,Michael,8,nublado,22,45,21,Chito,7.22,75.9,Velocidad,Alta,274.16
2022-04-25 19:00:00.482845,Sophia,19,nublado,12,34,53,Fútbol sala,7.08,87.4,Resistencia,Baja,309.29
2022-04-24 14:00:00.482845,Emma,14,nublado,16,39,35,Minigolf,6.58,91.83,Fuerza,Media,302.21
2022-04-23 09:00:00.482845,Sophia,9,nublado,27,79,32,Béisbol,2.88,85.22,Equilibrio,Media,122.76
2022-04-22 01:00:00.482845,Emily,1,nublado,12,32,30,Patinaje sobre hielo,2.67,96.43,Resistencia,Alta,128.6
2022-04-21 00:00:00.482845,Christopher,0,Lluvioso,31,42,36,Entrenamiento en circuito,13.14,86.94,Flexibilidad,Alta,571.09
2022-04-20 05:00:00.482845,Emily,5,Lluvioso,22,72,23,Tenis de mesa / ping pong,17.56,65.31,Resistencia,Media,573.61
2022-04-19 18:00:00.482845,Emily,18,nublado,22,78,65,Gimnasia,15.92,63.25,Resistencia,Media,503.35
2022-04-18 23:00:00.482845,Emily,23,soleado,25,59,29,Boxeo,3.25,84.81,Flexibilidad,Baja,137.88
2022-04-17 04:00:00.482845,John,4,nublado,31,74,54,Atletismo,11.14,59.64,Flexibilidad,Media,332.18
2022-04-16 20:00:00.482845,John,20,Lluvioso,19,35,34,Gimnasia,2.56,54.64,Resistencia,Media,69.91
2022-04-15 10:00:00.482845,Christopher,10,Lluvioso,27,46,40,Billar,1.38,76.61,Flexibilidad,Alta,52.99
2022-04-14 22:00:00.482845,William,22,soleado,24,74,43,Ciclismo estacionario,13.3,91.08,Fuerza,Media,605.67
2022-04-13 14:00:00.482845,Michael,14,Lluvioso,17,80,46,Kickball,10.94,55.07,Flexibilidad,Alta,301.1
2022-04-12 07:00:00.482845,John,7,nublado,32,48,50,Minigolf,2.1,89.59,Flexibilidad,Media,94.05
2022-04-11 05:00:00.482845,Olivia,5,soleado,30,71,44,Yoga,1.18,90.58,Resistencia,Media,53.5
2022-04-10 10:00:00.482845,Sophia,10,nublado,26,64,42,Kickboxing,19.8,74.11,Fuerza,Media,733.73
2022-04-09 12:00:00.482845,John,12,nublado,31,75,27,Marcha rápida,1.09,52.87,Velocidad,Baja,28.69
2022-04-08 16:00:00.482845,Daniel,16,soleado,32,55,64,Patinaje,9.17,58.73,Velocidad,Alta,269.22
2022-04-07 02:00:00.482845,Emily,2,nublado,28,80,40,Gimnasia,10.34,85.37,Equilibrio,Baja,441.37
2022-04-06 06:00:00.482845,John,6,Lluvioso,31,34,38,Bádminton,2.79,85.59,Flexibilidad,Media,119.27
2022-04-05 12:00:00.482845,Christopher,12,nublado,27,58,38,Raquetbol,3.8,94.92,Flexibilidad,Baja,180.19
2022-04-04 17:00:00.482845,Sophia,17,soleado,27,66,60,Voleibol,7.36,79.13,Fuerza,Alta,291.22
2022-04-03 07:00:00.482845,Sophia,7,soleado,25,49,30,Waterpolo,15.35,56.21,Velocidad,Media,431.45
2022-04-02 14:00:00.482845,William,14,soleado,29,78,54,Marcha rápida,10.39,56.07,Equilibrio,Baja,291.23
2022-04-01 01:00:00.482845,Jessica,1,nublado,14,50,50,Montañismo,12.94,86.06,Fuerza,Baja,556.75
2022-03-31 21:00:00.482845,Jessica,21,soleado,32,39,41,Gimnasia,19.71,59.19,Flexibilidad,Alta,583.34
2022-03-30 22:00:00.482845,Michael,22,soleado,32,34,61,Tenis en pareja,15.48,66.42,Velocidad,Baja,513.96
2022-03-29 07:00:00.482845,Olivia,7,nublado,11,65,28,Boxeo,8.97,74.36,Equilibrio,Alta,333.51
2022-03-28 22:00:00.482845,Emma,22,Lluvioso,31,35,34,Frontenis,9.21,51.24,Resistencia,Media,235.84
2022-03-27 06:00:00.482845,Christopher,6,nublado,13,55,21,Sóftbol,12.57,62.44,Velocidad,Media,392.32
2022-03-26 18:00:00.482845,Daniel,18,soleado,18,33,64,Golf,13.47,70.39,Equilibrio,Baja,474.27
2022-03-25 11:00:00.482845,John,11,soleado,29,68,42,Ciclismo,10.26,63.98,Fuerza,Media,328.35
2022-03-24 04:00:00.482845,Christopher,4,nublado,14,68,47,Patinaje,13.07,56.82,Resistencia,Media,371.45
2022-03-23 08:00:00.482845,Olivia,8,Lluvioso,30,79,26,Levantamiento de peso,0.96,86.4,Equilibrio,Baja,41.42
2022-03-22 02:00:00.482845,Jessica,2,soleado,31,64,38,Tenis,8.88,90.66,Equilibrio,Media,402.41
2022-03-21 04:00:00.482845,Christopher,4,soleado,23,30,37,Dardos,5.94,62.87,Flexibilidad,Baja,186.71
2022-03-20 20:00:00.482845,John,20,soleado,10,53,36,Kickball,3.02,88.72,Velocidad,Alta,133.92
2022-03-19 10:00:00.482845,William,10,nublado,17,65,36,Minigolf,2.44,69.28,Flexibilidad,Alta,84.56
2022-03-18 06:00:00.482845,Michael,6,soleado,25,35,29,Patinaje sobre hielo,12.26,75.33,Resistencia,Alta,461.88
2022-03-17 16:00:00.482845,William,16,Lluvioso,35,70,54,Escalada,10.71,92.8,Equilibrio,Baja,496.95
2022-03-16 13:00:00.482845,Jessica,13,soleado,26,75,59,Kickball,5.44,87.5,Flexibilidad,Baja,238.21
2022-03-15 13:00:00.482845,Emily,13,soleado,16,73,34,Boxeo,9.68,90.26,Velocidad,Media,437.0
2022-03-14 02:00:00.482845,Jessica,2,Lluvioso,26,60,54,Tai chi,10.1,56.84,Resistencia,Media,287.01
2022-03-13 09:00:00.482845,Michael,9,soleado,23,49,65,Raquetbol,4.3,53.49,Fuerza,Media,115.07
2022-03-12 10:00:00.482845,John,10,nublado,29,53,56,Tenis de mesa / ping pong,13.22,94.67,Flexibilidad,Media,625.57
2022-03-11 11:00:00.482845,Olivia,11,nublado,13,54,45,Nado sincronizado,15.73,69.39,Resistencia,Media,545.69
2022-03-10 10:00:00.482845,Emma,10,nublado,29,65,58,Baloncesto,15.93,64.39,Fuerza,Baja,513.01
2022-03-09 23:00:00.482845,William,23,Lluvioso,24,50,52,Aeróbicos acuáticos,12.25,86.23,Flexibilidad,Baja,528.11
2022-03-08 17:00:00.482845,Jessica,17,soleado,34,59,64,Marcha rápida,10.48,91.82,Resistencia,Alta,481.0
2022-03-07 17:00:00.482845,Olivia,17,nublado,19,53,65,Nado sincronizado,1.69,93.12,Resistencia,Alta,78.67
2022-03-06 21:00:00.482845,William,21,Lluvioso,26,73,35,Skateboard,6.11,65.8,Flexibilidad,Alta,201.11
2022-03-05 12:00:00.482845,Jessica,12,soleado,33,71,31,Salto a la comba,2.32,92.61,Resistencia,Alta,107.37
2022-03-04 13:00:00.482845,Michael,13,Lluvioso,13,59,52,Yoga,19.29,52.05,Equilibrio,Baja,502.11
2022-03-03 11:00:00.482845,William,11,nublado,33,51,61,Tenis de mesa / ping pong,3.13,52.48,Flexibilidad,Baja,82.24
2022-03-02 11:00:00.482845,Jessica,11,nublado,27,57,58,Artes marciales,3.46,81.18,Resistencia,Baja,140.42
2022-03-01 08:00:00.482845,John,8,nublado,12,36,24,Correr,17.85,53.16,Fuerza,Media,474.32
2022-02-28 12:00:00.482845,Michael,12,Lluvioso,18,64,58,Baloncesto,18.91,66.23,Fuerza,Media,626.1
2022-02-27 13:00:00.482845,Olivia,13,Lluvioso,28,57,30,Fútbol sala,15.43,83.64,Equilibrio,Alta,645.42
2022-02-26 22:00:00.482845,Olivia,22,nublado,12,43,35,Frontenis,0.61,66.86,Flexibilidad,Media,20.24
2022-02-25 13:00:00.482845,Emma,13,Lluvioso,25,39,54,Marcha rápida,0.53,58.98,Resistencia,Baja,15.52
2022-02-24 20:00:00.482845,Christopher,20,nublado,19,45,30,Patinaje sobre hielo,7.87,64.07,Resistencia,Alta,252.2
2022-02-23 06:00:00.482845,Emily,6,nublado,26,45,53,Frisbee,3.3,72.88,Fuerza,Alta,120.11
2022-02-22 22:00:00.482845,John,22,soleado,11,60,48,Patinaje sobre hielo,0.86,73.77,Equilibrio,Media,31.67
2022-02-21 21:00:00.482845,Michael,21,Lluvioso,32,71,19,Bolos,9.55,89.15,Fuerza,Alta,425.66
2022-02-20 17:00:00.482845,William,17,nublado,34,54,33,Artes marciales,18.89,87.51,Fuerza,Media,826.5
2022-02-19 15:00:00.482845,Olivia,15,nublado,34,42,26,Balonmano,6.81,72.84,Equilibrio,Media,248.19
2022-02-18 07:00:00.482845,John,7,Lluvioso,29,35,26,Aeróbicos,13.39,92.28,Flexibilidad,Alta,617.94
2022-02-17 16:00:00.482845,Michael,16,soleado,13,73,55,Tai chi,13.22,55.71,Resistencia,Media,368.22
2022-02-16 22:00:00.482845,Michael,22,soleado,29,38,28,Yoga,5.4,62.77,Flexibilidad,Media,169.35
2022-02-15 08:00:00.482845,William,8,nublado,11,74,39,Marcha rápida,13.18,91.4,Velocidad,Media,602.47
2022-02-14 00:00:00.482845,Michael,0,Lluvioso,11,65,50,Escalada,4.64,68.9,Velocidad,Media,159.86
2022-02-13 23:00:00.482845,Daniel,23,soleado,18,72,53,Escalada,2.88,99.06,Velocidad,Alta,142.6
2022-02-12 02:00:00.482845,John,2,Lluvioso,22,49,62,Frisbee,14.18,73.31,Equilibrio,Baja,519.68
2022-02-11 21:00:00.482845,Jessica,21,Lluvioso,29,47,40,Ciclismo estacionario,2.71,89.6,Fuerza,Baja,121.5
2022-02-10 23:00:00.482845,Olivia,23,nublado,27,72,62,Aeróbicos acuáticos,19.94,70.12,Flexibilidad,Media,699.04
2022-02-09 20:00:00.482845,Olivia,20,soleado,21,50,62,Sóftbol,4.08,71.25,Resistencia,Media,145.25
2022-02-08 19:00:00.482845,Jessica,19,nublado,17,33,51,Marcha rápida,12.09,69.14,Velocidad,Media,417.83
2022-02-07 13:00:00.482845,John,13,soleado,35,79,26,Tenis de mesa / ping pong,8.52,85.95,Flexibilidad,Baja,366.24
2022-02-06 06:00:00.482845,Emily,6,soleado,21,62,41,BMX,2.96,77.38,Velocidad,Media,114.69
2022-02-05 23:00:00.482845,John,23,soleado,21,56,25,Kickboxing,1.04,97.19,Velocidad,Alta,50.68
2022-02-04 16:00:00.482845,Sophia,16,soleado,14,36,24,Natación,12.64,62.54,Resistencia,Alta,395.38
2022-02-03 22:00:00.482845,Michael,22,soleado,30,35,53,Salto a la comba,16.23,55.03,Equilibrio,Alta,446.6
2022-02-02 18:00:00.482845,Christopher,18,Lluvioso,27,44,35,Nado sincronizado,16.92,69.66,Fuerza,Baja,589.33
2022-02-01 03:00:00.482845,William,3,nublado,16,47,20,Bádminton,9.91,80.84,Equilibrio,Media,400.66
2022-01-31 19:00:00.482845,Daniel,19,Lluvioso,12,61,45,Patinaje sobre hielo,15.66,93.04,Flexibilidad,Media,728.52
2022-01-30 05:00:00.482845,Christopher,5,soleado,27,40,23,BMX,13.62,67.31,Equilibrio,Media,458.4
2022-01-29 18:00:00.482845,Jessica,18,nublado,26,49,61,Salto a la comba,14.62,82.69,Flexibilidad,Baja,604.58
2022-01-28 23:00:00.482845,William,23,soleado,17,53,61,Kickboxing,10.11,67.51,Flexibilidad,Baja,341.12
2022-01-27 23:00:00.482845,William,23,nublado,34,44,38,Montañismo,12.85,80.86,Fuerza,Baja,519.59
2022-01-26 09:00:00.482845,William,9,Lluvioso,14,77,45,Marcha rápida,16.21,94.24,Resistencia,Baja,763.71
2022-01-25 00:00:00.482845,Olivia,0,nublado,21,36,57,Bádminton,8.26,61.57,Fuerza,Alta,254.24
2022-01-24 00:00:00.482845,Daniel,0,nublado,34,50,18,Montañismo,16.22,70.21,Equilibrio,Baja,569.3
2022-01-23 21:00:00.482845,Olivia,21,nublado,20,71,53,Caminar,12.04,99.66,Flexibilidad,Baja,600.19
2022-01-22 06:00:00.482845,Michael,6,nublado,26,55,38,Voleibol acuático,3.74,93.43,Velocidad,Baja,174.48
2022-01-21 15:00:00.482845,Sophia,15,nublado,20,73,60,Kickboxing,0.98,78.23,Velocidad,Media,38.39
2022-01-20 04:00:00.482845,Emma,4,soleado,17,43,52,Fútbol sala,7.57,75.83,Flexibilidad,Media,287.16
2022-01-19 08:00:00.482845,Daniel,8,nublado,35,66,30,Balonmano,11.16,64.23,Fuerza,Media,358.42
2022-01-18 01:00:00.482845,Christopher,1,nublado,20,50,27,Petanca,16.88,75.86,Resistencia,Alta,640.13
2022-01-17 17:00:00.482845,Michael,17,Lluvioso,32,47,61,Boxeo,2.99,92.41,Fuerza,Alta,137.97
2022-01-16 19:00:00.482845,John,19,nublado,16,34,64,Máquina escaladora,16.1,84.26,Flexibilidad,Baja,678.45
2022-01-15 00:00:00.482845,Jessica,0,Lluvioso,15,32,27,Bádminton,17.33,64.5,Flexibilidad,Media,558.87
2022-01-14 11:00:00.482845,Sophia,11,soleado,11,52,63,Entrenamiento en circuito,3.44,60.07,Resistencia,Alta,103.28
2022-01-13 08:00:00.482845,Michael,8,nublado,26,55,30,Petanca,17.11,63.26,Equilibrio,Media,541.07
2022-01-12 15:00:00.482845,John,15,Lluvioso,19,66,54,Caminar,19.83,58.49,Equilibrio,Alta,580.01
2022-01-11 23:00:00.482845,Sophia,23,Lluvioso,32,53,55,Ciclismo estacionario,14.67,54.78,Resistencia,Alta,401.92
2022-01-10 08:00:00.482845,John,8,soleado,22,78,41,Máquina escaladora,15.8,70.96,Equilibrio,Baja,560.67
2022-01-09 07:00:00.482845,Daniel,7,nublado,34,48,19,Caminar,19.89,55.66,Velocidad,Baja,553.62
2022-01-08 16:00:00.482845,John,16,nublado,15,80,39,Fútbol sala,12.31,58.6,Equilibrio,Alta,360.56
2022-01-07 05:00:00.482845,Sophia,5,Lluvioso,32,54,34,Voleibol acuático,6.5,77.37,Equilibrio,Baja,251.59
2022-01-06 21:00:00.482845,John,21,nublado,29,50,53,BMX,16.83,58.23,Equilibrio,Alta,490.06
2022-01-05 17:00:00.482845,Christopher,17,Lluvioso,29,41,31,Caminar,12.48,53.19,Velocidad,Alta,332.0
2022-01-04 13:00:00.482845,Michael,13,nublado,31,70,27,Boxeo,11.83,65.87,Equilibrio,Media,389.73
2022-01-03 12:00:00.482845,Sophia,12,Lluvioso,29,62,52,Tai chi,5.45,61.02,Velocidad,Baja,166.14
2022-01-02 20:00:00.482845,Christopher,20,nublado,26,79,42,Hockey,15.25,75.77,Resistencia,Baja,577.65
2022-01-01 07:00:00.482845,John,7,soleado,13,33,20,Ciclismo estacionario,2.09,55.12,Fuerza,Baja,57.67
2021-12-31 00:00:00.482845,John,0,nublado,11,71,64,Bolos,18.52,87.59,Resistencia,Media,811.23
2021-12-30 18:00:00.482845,William,18,nublado,33,36,55,Kickboxing,6.85,95.31,Fuerza,Media,326.61
2021-12-29 21:00:00.482845,Sophia,21,soleado,25,51,34,Voleibol acuático,2.99,87.17,Resistencia,Media,130.39
2021-12-28 12:00:00.482845,Daniel,12,nublado,30,62,29,Tai chi,9.13,76.64,Fuerza,Baja,349.72
2021-12-27 14:00:00.482845,John,14,soleado,22,46,41,Raquetbol,1.33,93.03,Fuerza,Baja,61.78
2021-12-26 23:00:00.482845,Jessica,23,nublado,13,53,46,Petanca,13.85,84.75,Flexibilidad,Baja,586.87
2021-12-25 06:00:00.482845,Olivia,6,Lluvioso,13,63,60,Billar,18.1,50.53,Fuerza,Media,457.34
2021-12-24 04:00:00.482845,Emma,4,Lluvioso,27,57,42,Hockey,16.83,69.7,Fuerza,Media,586.45
2021-12-23 02:00:00.482845,Olivia,2,nublado,21,72,53,Patinaje sobre hielo,2.98,92.55,Flexibilidad,Alta,138.07
2021-12-22 04:00:00.482845,Daniel,4,nublado,15,70,43,Artes marciales,2.96,67.29,Equilibrio,Media,99.67
2021-12-21 05:00:00.482845,Michael,5,nublado,22,68,55,Yoga,16.36,51.76,Equilibrio,Alta,423.45
2021-12-20 06:00:00.482845,Emily,6,Lluvioso,12,51,18,Senderismo,18.52,87.31,Flexibilidad,Baja,808.61
2021-12-19 13:00:00.482845,Jessica,13,nublado,25,78,37,Senderismo,9.48,90.1,Velocidad,Media,427.22
2021-12-18 19:00:00.482845,Emily,19,Lluvioso,17,46,45,BMX,10.23,58.03,Fuerza,Baja,296.82
2021-12-17 00:00:00.482845,John,0,soleado,30,63,33,Kickboxing,6.71,76.87,Fuerza,Baja,257.74
2021-12-16 14:00:00.482845,Michael,14,Lluvioso,18,35,64,Minigolf,17.94,59.6,Flexibilidad,Baja,534.54
2021-12-15 06:00:00.482845,Christopher,6,Lluvioso,21,75,34,Billar,13.08,85.96,Flexibilidad,Baja,562.0
2021-12-14 23:00:00.482845,John,23,soleado,10,35,57,Béisbol,6.12,63.58,Velocidad,Media,194.58
2021-12-13 02:00:00.482845,Emily,2,Lluvioso,12,63,45,Nado sincronizado,6.33,65.81,Equilibrio,Baja,208.17
2021-12-12 22:00:00.482845,John,22,nublado,20,30,29,Tenis,17.88,92.25,Resistencia,Alta,824.63
2021-12-11 13:00:00.482845,Emma,13,nublado,22,39,44,Nado sincronizado,0.77,73.82,Equilibrio,Media,28.27
2021-12-10 11:00:00.482845,William,11,Lluvioso,25,50,59,Patinaje sobre hielo,6.79,83.49,Fuerza,Baja,283.57
2021-12-09 16:00:00.482845,Emma,16,nublado,17,34,64,Béisbol,11.31,70.12,Flexibilidad,Media,396.52
2021-12-08 12:00:00.482845,Michael,12,Lluvioso,27,31,47,Máquina escaladora,3.39,64.9,Velocidad,Alta,110.01
2021-12-07 10:00:00.482845,Christopher,10,nublado,32,51,58,Baloncesto,2.3,81.27,Equilibrio,Baja,93.3
2021-12-06 13:00:00.482845,Emma,13,nublado,29,77,51,Kickboxing,16.4,57.74,Velocidad,Alta,473.43
2021-12-05 03:00:00.482845,Sophia,3,Lluvioso,11,31,54,Frisbee,17.94,68.65,Equilibrio,Baja,615.82
2021-12-04 00:00:00.482845,Christopher,0,nublado,22,39,23,Frisbee,16.56,60.45,Fuerza,Alta,500.55
2021-12-03 04:00:00.482845,Emily,4,Lluvioso,13,63,24,Ciclismo,18.03,84.79,Resistencia,Baja,764.23
2021-12-02 18:00:00.482845,Emma,18,nublado,16,45,49,Béisbol,11.29,97.21,Velocidad,Media,548.54
2021-12-01 04:00:00.482845,William,4,nublado,35,77,49,Tenis en pareja,16.34,99.78,Velocidad,Baja,815.12
2021-11-30 07:00:00.482845,Christopher,7,soleado,14,80,42,Bolos,7.99,72.51,Resistencia,Media,289.65
2021-11-29 12:00:00.482845,John,12,soleado,22,68,50,Ciclismo estacionario,13.49,62.63,Velocidad,Baja,422.49
2021-11-28 12:00:00.482845,William,12,Lluvioso,25,51,24,Correr,19.78,72.14,Velocidad,Baja,713.56
2021-11-27 14:00:00.482845,John,14,soleado,28,41,29,Voleibol acuático,4.9,92.36,Equilibrio,Alta,226.37
2021-11-26 04:00:00.482845,Emma,4,Lluvioso,24,53,33,Voleibol,8.1,60.3,Equilibrio,Alta,244.31
2021-11-25 21:00:00.482845,Jessica,21,soleado,10,76,33,Kickball,9.86,97.6,Resistencia,Alta,481.24
2021-11-24 18:00:00.482845,Jessica,18,nublado,18,69,60,Sóftbol,3.19,67.09,Fuerza,Baja,107.06
2021-11-23 07:00:00.482845,Emily,7,Lluvioso,23,67,53,Dardos,2.08,99.29,Velocidad,Baja,103.27
2021-11-22 10:00:00.482845,William,10,Lluvioso,12,39,30,Nado sincronizado,16.68,91.93,Fuerza,Baja,766.68
2021-11-21 23:00:00.482845,John,23,nublado,19,64,24,Montañismo,19.55,90.43,Resistencia,Media,883.83
2021-11-20 19:00:00.482845,Daniel,19,Lluvioso,11,80,53,Ciclismo,8.39,65.9,Resistencia,Media,276.5
2021-11-19 02:00:00.482845,William,2,Lluvioso,12,78,64,Raquetbol,2.21,50.44,Equilibrio,Baja,55.71
2021-11-18 06:00:00.482845,Sophia,6,soleado,20,61,26,Aeróbicos,1.78,69.11,Velocidad,Alta,61.62
2021-11-17 15:00:00.482845,Emily,15,Lluvioso,13,36,49,Minigolf,17.88,65.09,Flexibilidad,Alta,581.93
2021-11-16 13:00:00.482845,Olivia,13,nublado,24,50,28,Levantamiento de peso,9.54,51.87,Resistencia,Alta,247.53
2021-11-15 21:00:00.482845,Olivia,21,soleado,27,49,25,Atletismo,6.74,75.27,Velocidad,Baja,253.67
2021-11-14 05:00:00.482845,John,5,soleado,30,55,50,Marcha rápida,9.79,70.15,Fuerza,Alta,343.43
2021-11-13 19:00:00.482845,Jessica,19,nublado,15,33,40,Sóftbol,6.71,81.73,Equilibrio,Baja,274.07
2021-11-12 15:00:00.482845,Christopher,15,nublado,14,75,42,Skateboard,10.04,81.06,Fuerza,Media,406.76
2021-11-11 07:00:00.482845,Sophia,7,soleado,13,51,25,Bolos,17.26,56.04,Resistencia,Alta,483.64
2021-11-10 11:00:00.482845,Olivia,11,Lluvioso,26,44,62,Artes marciales,12.05,98.85,Resistencia,Media,595.55
2021-11-09 05:00:00.482845,John,5,soleado,28,69,39,Waterpolo,14.05,59.35,Fuerza,Alta,416.78
2021-11-08 01:00:00.482845,John,1,nublado,11,50,21,Caminar,7.61,72.26,Resistencia,Baja,275.0
2021-11-07 12:00:00.482845,Emma,12,soleado,33,44,57,Tenis en pareja,14.9,74.41,Velocidad,Baja,554.36
2021-11-06 10:00:00.482845,Jessica,10,nublado,11,51,20,Dardos,13.5,90.65,Resistencia,Baja,611.86
2021-11-05 05:00:00.482845,William,5,soleado,24,57,46,Ciclismo,2.83,54.96,Equilibrio,Baja,77.81
2021-11-04 21:00:00.482845,Christopher,21,Lluvioso,28,43,58,Bádminton,11.67,71.43,Velocidad,Alta,416.68
2021-11-03 10:00:00.482845,Emma,10,soleado,32,56,46,Tenis en pareja,5.51,81.43,Flexibilidad,Media,224.18
2021-11-02 22:00:00.482845,Olivia,22,soleado,28,70,51,Patinaje sobre hielo,16.18,60.76,Resistencia,Baja,491.53
2021-11-01 02:00:00.482845,Christopher,2,nublado,30,69,51,Bolos,8.81,81.37,Resistencia,Alta,358.28
2021-10-31 05:00:00.482845,Emily,5,nublado,18,57,45,Ultimate frisbee,19.9,96.18,Equilibrio,Media,956.85
2021-10-30 13:00:00.482845,Jessica,13,nublado,30,55,30,Kickboxing,2.3,99.88,Equilibrio,Baja,115.04
2021-10-29 11:00:00.482845,Olivia,11,soleado,12,78,32,Tenis de mesa / ping pong,15.72,51.62,Fuerza,Media,405.67
2021-10-28 10:00:00.482845,John,10,Lluvioso,32,31,40,Kickboxing,13.64,61.78,Fuerza,Baja,421.25
2021-10-27 11:00:00.482845,Olivia,11,nublado,24,54,61,Ciclismo estacionario,15.47,65.52,Fuerza,Media,506.64
2021-10-26 08:00:00.482845,Daniel,8,nublado,30,32,43,Frisbee,6.5,69.96,Equilibrio,Media,227.25
2021-10-25 04:00:00.482845,Michael,4,soleado,21,37,21,Ciclismo estacionario,10.1,62.11,Fuerza,Baja,313.52
2021-10-24 22:00:00.482845,Michael,22,nublado,26,73,43,Patinaje sobre hielo,16.03,60.17,Fuerza,Alta,482.36
2021-10-23 02:00:00.482845,Olivia,2,Lluvioso,23,62,57,Baloncesto,5.03,97.73,Flexibilidad,Media,246.01
2021-10-22 12:00:00.482845,Daniel,12,Lluvioso,28,71,26,Sóftbol,4.91,95.93,Fuerza,Baja,235.39
2021-10-21 21:00:00.482845,Olivia,21,nublado,12,64,22,Frontenis,11.25,52.35,Resistencia,Media,294.35
2021-10-20 08:00:00.482845,Michael,8,nublado,12,35,49,Calistenia,10.71,66.94,Equilibrio,Media,358.45
2021-10-19 10:00:00.482845,Emma,10,soleado,16,68,37,Waterpolo,6.0,70.26,Velocidad,Alta,210.92
2021-10-18 06:00:00.482845,Emily,6,Lluvioso,14,52,28,Correr,6.31,61.95,Flexibilidad,Media,195.53
2021-10-17 01:00:00.482845,Michael,1,Lluvioso,32,54,32,Pádel,5.92,81.44,Equilibrio,Media,240.99
2021-10-16 02:00:00.482845,Emily,2,nublado,15,79,49,Tai chi,15.54,82.02,Equilibrio,Baja,637.47
2021-10-15 12:00:00.482845,John,12,soleado,34,72,45,Raquetbol,13.21,92.53,Resistencia,Baja,611.22
2021-10-14 19:00:00.482845,Emily,19,Lluvioso,18,48,39,Calva,16.73,87.04,Fuerza,Alta,728.21
2021-10-13 09:00:00.482845,Emma,9,Lluvioso,15,34,58,Kickball,19.52,77.13,Resistencia,Media,752.84
2021-10-12 03:00:00.482845,Daniel,3,soleado,30,80,34,Tai chi,9.75,82.68,Fuerza,Media,402.9
2021-10-11 02:00:00.482845,Emily,2,soleado,26,40,43,Ciclismo,1.8,63.7,Fuerza,Media,57.35
2021-10-10 01:00:00.482845,Christopher,1,Lluvioso,22,41,61,Caminar,1.44,79.65,Equilibrio,Alta,57.26
2021-10-09 20:00:00.482845,William,20,Lluvioso,24,39,24,Yoga,6.27,74.46,Fuerza,Media,233.27
2021-10-08 16:00:00.482845,Michael,16,soleado,28,37,59,Artes marciales,18.68,56.67,Flexibilidad,Baja,529.4
2021-10-07 17:00:00.482845,Daniel,17,Lluvioso,16,53,43,Pádel,10.7,62.13,Flexibilidad,Alta,332.46
2021-10-06 17:00:00.482845,Sophia,17,nublado,35,57,42,Salto a la comba,5.8,64.58,Flexibilidad,Baja,187.29
2021-10-05 19:00:00.482845,John,19,nublado,34,70,27,Senderismo,8.28,96.22,Equilibrio,Baja,398.51
2021-10-04 23:00:00.482845,William,23,soleado,26,65,62,Bolos,12.17,61.52,Resistencia,Alta,374.43
2021-10-03 09:00:00.482845,Christopher,9,soleado,15,66,36,Montañismo,13.23,64.46,Velocidad,Baja,426.5
2021-10-02 12:00:00.482845,Jessica,12,soleado,27,50,28,Hockey,3.5,68.47,Fuerza,Media,119.87
2021-10-01 14:00:00.482845,Emma,14,nublado,12,37,30,Skateboard,19.55,83.19,Velocidad,Alta,813.24
2021-09-30 22:00:00.482845,Olivia,22,Lluvioso,11,38,25,Aeróbicos,11.12,55.91,Resistencia,Baja,310.96
2021-09-29 08:00:00.482845,William,8,nublado,16,76,57,Yoga,3.15,97.7,Resistencia,Media,153.67
2021-09-28 17:00:00.482845,Daniel,17,Lluvioso,22,44,21,Patinaje,17.93,93.28,Equilibrio,Media,836.05
2021-09-27 08:00:00.482845,Daniel,8,nublado,32,77,64,Montañismo,1.96,78.86,Flexibilidad,Baja,77.1
2021-09-26 04:00:00.482845,Daniel,4,Lluvioso,28,75,48,Tenis en pareja,18.2,83.7,Flexibilidad,Media,761.72
2021-09-25 12:00:00.482845,John,12,nublado,29,69,45,Fútbol sala,19.93,50.83,Resistencia,Alta,506.63
2021-09-24 21:00:00.482845,Emily,21,soleado,21,47,28,Raquetbol,14.16,66.95,Equilibrio,Baja,473.93
2021-09-23 22:00:00.482845,Michael,22,nublado,19,71,60,Waterpolo,15.52,89.78,Equilibrio,Media,696.88
2021-09-22 04:00:00.482845,Jessica,4,Lluvioso,19,49,18,Boxeo,7.08,53.87,Fuerza,Media,190.64
2021-09-21 06:00:00.482845,Olivia,6,nublado,35,35,64,Chito,18.86,64.12,Flexibilidad,Baja,604.63
2021-09-20 22:00:00.482845,Daniel,22,nublado,11,41,55,Patinaje,10.83,79.26,Resistencia,Baja,429.2
2021-09-19 13:00:00.482845,Olivia,13,nublado,32,31,41,Frisbee,14.78,62.82,Velocidad,Baja,464.29
2021-09-18 22:00:00.482845,Sophia,22,soleado,24,36,64,Tenis,18.52,96.7,Flexibilidad,Baja,895.44
2021-09-17 23:00:00.482845,John,23,nublado,21,45,48,Kickboxing,19.52,56.55,Fuerza,Alta,551.84
2021-09-16 21:00:00.482845,Daniel,21,soleado,28,32,58,Máquina escaladora,16.75,89.87,Equilibrio,Baja,752.55
2021-09-15 09:00:00.482845,Sophia,9,soleado,22,74,63,Artes marciales,6.41,75.4,Resistencia,Alta,241.61
2021-09-14 15:00:00.482845,Jessica,15,nublado,32,32,43,Yoga,19.35,87.52,Flexibilidad,Alta,846.62
2021-09-13 01:00:00.482845,Jessica,1,nublado,33,56,22,Artes marciales,12.75,65.54,Velocidad,Baja,417.74
2021-09-12 19:00:00.482845,Michael,19,nublado,21,79,37,Levantamiento de peso,18.65,75.72,Fuerza,Alta,706.04
2021-09-11 06:00:00.482845,Christopher,6,Lluvioso,17,72,58,Kickboxing,13.68,92.84,Fuerza,Baja,635.23
2021-09-10 07:00:00.482845,Michael,7,nublado,25,69,28,Boxeo,6.49,73.34,Flexibilidad,Baja,238.04
2021-09-09 05:00:00.482845,Emily,5,soleado,33,67,50,Billar,7.72,67.99,Velocidad,Media,262.27
2021-09-08 11:00:00.482845,Olivia,11,nublado,15,62,55,Gimnasia,11.23,76.81,Fuerza,Baja,431.44
2021-09-07 19:00:00.482845,Emma,19,Lluvioso,26,57,44,Pádel,15.91,85.87,Resistencia,Media,682.88
2021-09-06 10:00:00.482845,Jessica,10,nublado,26,30,51,Ciclismo estacionario,6.7,72.18,Fuerza,Alta,241.82
2021-09-05 12:00:00.482845,Emma,12,Lluvioso,28,37,32,Golf,11.8,96.94,Velocidad,Media,572.2
2021-09-04 22:00:00.482845,John,22,Lluvioso,13,66,49,Petanca,7.24,64.75,Equilibrio,Alta,234.38
2021-09-03 04:00:00.482845,William,4,nublado,28,61,38,Skateboard,16.41,73.77,Equilibrio,Baja,605.22
2021-09-02 01:00:00.482845,Daniel,1,soleado,33,77,63,Tenis de mesa / ping pong,9.6,87.85,Flexibilidad,Alta,421.72
2021-09-01 21:00:00.482845,John,21,Lluvioso,14,72,22,Patinaje,2.0,84.46,Velocidad,Alta,84.29
2021-08-31 07:00:00.482845,Jessica,7,nublado,16,66,23,Voleibol acuático,3.74,93.18,Fuerza,Baja,174.16
2021-08-30 19:00:00.482845,Sophia,19,nublado,34,33,55,Minigolf,1.69,99.84,Fuerza,Alta,84.44
2021-08-29 23:00:00.482845,Olivia,23,soleado,15,59,39,Tenis de mesa / ping pong,10.24,71.34,Equilibrio,Baja,365.15
2021-08-28 03:00:00.482845,Emma,3,Lluvioso,31,35,35,Atletismo,2.57,55.56,Equilibrio,Media,71.49
2021-08-27 20:00:00.482845,Michael,20,Lluvioso,22,75,31,Tenis de mesa / ping pong,2.73,51.52,Resistencia,Baja,70.22
2021-08-26 09:00:00.482845,William,9,nublado,16,48,27,Bádminton,18.85,86.34,Equilibrio,Baja,813.81
2021-08-25 07:00:00.482845,Christopher,7,nublado,32,61,63,Correr,17.52,93.7,Resistencia,Alta,820.67
2021-08-24 00:00:00.482845,John,0,soleado,21,38,30,Patinaje sobre hielo,9.32,61.04,Fuerza,Media,284.29
2021-08-23 15:00:00.482845,Christopher,15,soleado,23,41,48,Billar,19.72,57.92,Resistencia,Baja,571.21
2021-08-22 00:00:00.482845,Emma,0,Lluvioso,19,40,47,Aeróbicos,0.5,53.11,Resistencia,Media,13.37
2021-08-21 22:00:00.482845,Emma,22,Lluvioso,25,75,20,Sóftbol,12.47,91.14,Flexibilidad,Media,568.35
2021-08-20 16:00:00.482845,Daniel,16,nublado,14,45,47,Sóftbol,12.52,65.57,Equilibrio,Alta,410.47
2021-08-19 13:00:00.482845,Sophia,13,Lluvioso,20,30,23,Tenis en pareja,9.42,70.08,Resistencia,Baja,330.1
2021-08-18 01:00:00.482845,Sophia,1,soleado,34,74,46,Ciclismo,8.24,75.14,Fuerza,Alta,309.58
2021-08-17 10:00:00.482845,Emily,10,soleado,16,50,25,Kickball,9.38,91.97,Velocidad,Baja,431.35
2021-08-16 15:00:00.482845,Michael,15,nublado,26,59,61,Kickball,8.59,82.54,Resistencia,Media,354.59
2021-08-15 07:00:00.482845,Jessica,7,soleado,18,42,62,Atletismo,14.74,80.75,Equilibrio,Baja,595.34
2021-08-14 13:00:00.482845,Jessica,13,soleado,29,63,60,Aeróbicos acuáticos,3.14,58.78,Flexibilidad,Baja,92.27
2021-08-13 00:00:00.482845,Emma,0,soleado,13,33,61,Tenis,4.35,75.66,Fuerza,Media,164.71
2021-08-12 20:00:00.482845,John,20,soleado,34,57,50,Correr,4.02,85.77,Flexibilidad,Media,172.4
2021-08-11 20:00:00.482845,Olivia,20,nublado,21,67,34,Bolos,5.62,98.66,Velocidad,Baja,277.15
2021-08-10 01:00:00.482845,Jessica,1,nublado,16,60,65,Billar,10.74,60.07,Resistencia,Alta,322.65
2021-08-09 14:00:00.482845,Jessica,14,Lluvioso,12,56,28,Boxeo,2.67,50.48,Resistencia,Baja,67.35
2021-08-08 01:00:00.482845,John,1,soleado,14,34,30,Petanca,17.43,53.77,Equilibrio,Media,468.54
2021-08-07 10:00:00.482845,Michael,10,Lluvioso,23,54,28,Ciclismo,6.3,68.79,Resistencia,Alta,216.65
2021-08-06 08:00:00.482845,William,8,nublado,18,32,48,Natación,3.67,91.03,Fuerza,Media,167.01
2021-08-05 18:00:00.482845,Sophia,18,nublado,31,62,45,Atletismo,13.67,50.36,Velocidad,Media,344.31
2021-08-04 10:00:00.482845,Daniel,10,nublado,21,33,61,Nado sincronizado,1.24,72.84,Flexibilidad,Alta,45.26
2021-08-03 19:00:00.482845,Daniel,19,nublado,16,54,23,Petanca,12.59,66.46,Velocidad,Media,418.35
2021-08-02 00:00:00.482845,Daniel,0,nublado,25,49,58,Gimnasia,14.11,52.62,Resistencia,Media,371.39
2021-08-01 19:00:00.482845,John,19,nublado,28,63,33,Dardos,4.69,72.51,Flexibilidad,Media,170.07
2021-07-31 22:00:00.482845,Daniel,22,nublado,14,55,21,Raquetbol,1.32,62.74,Equilibrio,Media,41.35
2021-07-30 19:00:00.482845,Emma,19,soleado,14,34,52,Caminar,7.59,67.59,Velocidad,Media,256.56
2021-07-29 02:00:00.482845,Emily,2,Lluvioso,11,64,65,Fútbol,2.42,85.28,Flexibilidad,Media,103.3
2021-07-28 13:00:00.482845,John,13,nublado,28,57,43,Marcha rápida,2.77,76.08,Flexibilidad,Media,105.42
2021-07-27 12:00:00.482845,John,12,soleado,27,58,29,Ciclismo estacionario,5.46,56.23,Flexibilidad,Media,153.46
2021-07-26 16:00:00.482845,Sophia,16,soleado,22,38,28,Fútbol,6.26,98.07,Fuerza,Media,307.04
2021-07-25 08:00:00.482845,Daniel,8,Lluvioso,31,67,54,Ciclismo estacionario,10.83,81.8,Velocidad,Baja,443.1
2021-07-24 20:00:00.482845,Christopher,20,nublado,30,79,42,Kickball,13.73,88.29,Flexibilidad,Baja,606.07
2021-07-23 15:00:00.482845,William,15,Lluvioso,25,35,35,BMX,12.06,53.96,Velocidad,Media,325.36
2021-07-22 18:00:00.482845,Emily,18,nublado,32,48,36,Kickball,3.39,52.35,Flexibilidad,Baja,88.82
2021-07-21 15:00:00.482845,John,15,soleado,15,73,40,Tenis en pareja,3.86,50.97,Equilibrio,Alta,98.27
2021-07-20 18:00:00.482845,Emily,18,soleado,13,40,55,Raquetbol,17.64,59.44,Equilibrio,Baja,524.14
2021-07-19 20:00:00.482845,John,20,soleado,17,31,35,Artes marciales,11.39,70.72,Equilibrio,Media,402.68
2021-07-18 15:00:00.482845,Michael,15,soleado,11,76,43,Golf,17.46,96.79,Resistencia,Media,845.17
2021-07-17 13:00:00.482845,Sophia,13,Lluvioso,23,73,23,Voleibol,7.75,72.85,Flexibilidad,Baja,282.13
2021-07-16 10:00:00.482845,Emma,10,nublado,33,73,21,Bádminton,12.48,64.51,Resistencia,Media,402.59
2021-07-15 23:00:00.482845,Michael,23,nublado,11,38,61,Calva,10.71,78.1,Velocidad,Alta,418.26
2021-07-14 08:00:00.482845,Olivia,8,Lluvioso,13,50,46,Skateboard,6.72,55.6,Resistencia,Alta,186.89
2021-07-13 07:00:00.482845,Daniel,7,nublado,21,53,51,Máquina escaladora,9.66,80.48,Velocidad,Media,388.83
2021-07-12 17:00:00.482845,Olivia,17,soleado,33,63,34,Minigolf,10.3,78.42,Velocidad,Alta,403.82
2021-07-11 17:00:00.482845,William,17,nublado,18,51,60,Aeróbicos acuáticos,4.42,89.6,Velocidad,Alta,197.79
2021-07-10 14:00:00.482845,Christopher,14,soleado,23,32,60,Fútbol sala,6.64,99.33,Resistencia,Baja,329.92
2021-07-09 17:00:00.482845,Emma,17,Lluvioso,11,41,33,Voleibol acuático,15.93,62.54,Flexibilidad,Alta,498.24
2021-07-08 14:00:00.482845,Michael,14,nublado,14,57,19,Bolos,18.36,75.48,Resistencia,Baja,692.85
2021-07-07 09:00:00.482845,Emily,9,Lluvioso,35,59,51,Bolos,7.52,95.44,Flexibilidad,Media,358.68
2021-07-06 00:00:00.482845,Emily,0,nublado,34,55,25,Calistenia,6.49,89.26,Flexibilidad,Baja,289.47
2021-07-05 08:00:00.482845,William,8,soleado,10,77,30,Raquetbol,4.31,74.37,Velocidad,Media,160.13
2021-07-04 13:00:00.482845,John,13,Lluvioso,34,50,59,Gimnasia,13.73,97.27,Resistencia,Media,667.78
2021-07-03 22:00:00.482845,Emily,22,nublado,26,57,25,Frontenis,6.8,52.86,Flexibilidad,Media,179.74
2021-07-02 16:00:00.482845,Daniel,16,soleado,32,55,47,Levantamiento de peso,19.76,96.55,Equilibrio,Media,953.97
2021-07-01 01:00:00.482845,Christopher,1,Lluvioso,21,62,49,Balonmano,6.85,52.53,Flexibilidad,Media,179.92
2021-06-30 04:00:00.482845,Sophia,4,Lluvioso,23,50,53,Ultimate frisbee,8.19,77.37,Equilibrio,Baja,316.64
2021-06-29 02:00:00.482845,Daniel,2,nublado,22,64,64,Patinaje,12.27,94.52,Resistencia,Media,579.66
2021-06-28 21:00:00.482845,Christopher,21,nublado,27,63,47,Ultimate frisbee,16.13,63.14,Resistencia,Alta,509.28
2021-06-27 12:00:00.482845,William,12,nublado,13,70,18,Atletismo,9.66,73.61,Resistencia,Alta,355.39
2021-06-26 21:00:00.482845,Daniel,21,soleado,11,80,60,Escalada,8.74,66.22,Flexibilidad,Media,289.43
2021-06-25 08:00:00.482845,Sophia,8,nublado,18,76,56,Artes marciales,19.91,97.61,Fuerza,Alta,971.92
2021-06-24 11:00:00.482845,Sophia,11,Lluvioso,28,47,34,Aeróbicos,0.7,91.18,Flexibilidad,Baja,32.12
2021-06-23 07:00:00.482845,Jessica,7,Lluvioso,15,40,37,BMX,17.95,85.45,Flexibilidad,Baja,767.08
2021-06-22 14:00:00.482845,John,14,nublado,27,52,41,Patinaje,3.41,79.38,Velocidad,Media,135.28
2021-06-21 05:00:00.482845,William,5,nublado,34,77,39,Minigolf,15.83,91.03,Velocidad,Media,720.3
2021-06-20 16:00:00.482845,Daniel,16,Lluvioso,12,51,46,Levantamiento de peso,12.55,69.61,Flexibilidad,Media,436.81
2021-06-19 06:00:00.482845,Emma,6,soleado,27,46,39,Golf,7.17,72.38,Equilibrio,Alta,259.33
2021-06-18 13:00:00.482845,Emma,13,nublado,21,34,61,Raquetbol,17.54,86.5,Velocidad,Alta,758.63
2021-06-17 20:00:00.482845,William,20,nublado,32,73,26,Chito,0.75,67.89,Flexibilidad,Baja,25.52
2021-06-16 17:00:00.482845,Daniel,17,Lluvioso,14,40,54,Bolos,4.92,53.2,Fuerza,Alta,130.87
2021-06-15 18:00:00.482845,Michael,18,nublado,27,59,27,Entrenamiento en circuito,11.55,53.72,Equilibrio,Baja,310.33
2021-06-14 08:00:00.482845,Michael,8,soleado,31,44,53,Senderismo,7.36,55.77,Resistencia,Alta,205.09
2021-06-13 06:00:00.482845,John,6,Lluvioso,34,56,54,Voleibol,12.4,93.48,Flexibilidad,Baja,579.71
2021-06-12 07:00:00.482845,Daniel,7,nublado,27,64,45,Natación,0.97,73.61,Flexibilidad,Media,35.71
2021-06-11 10:00:00.482845,Sophia,10,Lluvioso,22,62,45,Montañismo,2.77,85.64,Equilibrio,Alta,118.66
2021-06-10 00:00:00.482845,Emily,0,nublado,25,49,59,Levantamiento de peso,2.98,69.65,Velocidad,Baja,103.72
2021-06-09 13:00:00.482845,Emma,13,nublado,32,45,60,Hockey,4.19,62.94,Velocidad,Alta,131.88
2021-06-08 09:00:00.482845,Daniel,9,nublado,24,63,38,Senderismo,9.46,67.36,Velocidad,Media,318.51
2021-06-07 00:00:00.482845,Daniel,0,soleado,11,31,41,Voleibol,15.17,89.71,Resistencia,Baja,680.29
2021-06-06 11:00:00.482845,Emily,11,soleado,33,64,59,Senderismo,18.16,81.26,Equilibrio,Alta,737.77
2021-06-05 18:00:00.482845,Emily,18,Lluvioso,27,69,57,Sóftbol,16.79,96.88,Equilibrio,Alta,813.31
2021-06-04 19:00:00.482845,Christopher,19,nublado,27,57,19,Kickboxing,4.34,83.99,Velocidad,Media,182.22
2021-06-03 21:00:00.482845,Jessica,21,nublado,15,76,25,Máquina escaladora,9.1,78.51,Velocidad,Media,357.31
2021-06-02 18:00:00.482845,John,18,soleado,26,68,65,Sóftbol,4.39,80.51,Fuerza,Baja,176.66
2021-06-01 19:00:00.482845,Emma,19,nublado,20,35,44,Bádminton,5.66,97.12,Fuerza,Alta,274.71
2021-05-31 13:00:00.482845,Emily,13,soleado,26,38,39,Fútbol,10.32,89.41,Flexibilidad,Alta,461.32
2021-05-30 17:00:00.482845,Michael,17,nublado,13,49,54,Dardos,1.83,51.2,Flexibilidad,Media,46.8
2021-05-29 22:00:00.482845,William,22,Lluvioso,26,30,44,Ciclismo,4.75,76.71,Equilibrio,Media,182.35
2021-05-28 16:00:00.482845,Michael,16,nublado,35,37,46,Aeróbicos,18.74,84.42,Equilibrio,Baja,790.98
2021-05-27 13:00:00.482845,Christopher,13,nublado,11,52,20,Correr,9.59,87.43,Resistencia,Alta,419.22
2021-05-26 04:00:00.482845,Christopher,4,soleado,34,32,61,Escalada,9.19,60.66,Resistencia,Alta,278.57
2021-05-25 09:00:00.482845,Emily,9,nublado,20,33,30,Patinaje sobre hielo,0.78,93.36,Fuerza,Baja,36.6
2021-05-24 03:00:00.482845,Christopher,3,nublado,32,54,62,Fútbol,5.32,97.79,Flexibilidad,Baja,260.34
2021-05-23 07:00:00.482845,Sophia,7,soleado,30,76,27,Montañismo,17.39,61.84,Fuerza,Media,537.75
2021-05-22 23:00:00.482845,Olivia,23,Lluvioso,24,67,53,Calva,3.71,94.13,Fuerza,Media,174.62
2021-05-21 00:00:00.482845,Daniel,0,Lluvioso,28,44,26,Ultimate frisbee,8.59,54.85,Flexibilidad,Baja,235.71
2021-05-20 04:00:00.482845,Daniel,4,soleado,32,50,44,Atletismo,0.78,52.79,Resistencia,Baja,20.57
2021-05-19 09:00:00.482845,Emily,9,soleado,20,64,51,Tai chi,9.83,56.46,Flexibilidad,Alta,277.44
2021-05-18 02:00:00.482845,Christopher,2,soleado,18,75,18,Pádel,0.91,52.89,Velocidad,Baja,24.06
2021-05-17 18:00:00.482845,William,18,soleado,27,43,49,Calva,16.48,92.25,Velocidad,Baja,760.26
2021-05-16 01:00:00.482845,Sophia,1,soleado,30,65,42,Raquetbol,16.58,52.95,Velocidad,Alta,439.1
2021-05-15 13:00:00.482845,John,13,Lluvioso,29,41,46,Aeróbicos acuáticos,15.86,63.58,Equilibrio,Baja,504.25
2021-05-14 14:00:00.482845,Christopher,14,Lluvioso,30,46,24,Ciclismo estacionario,6.03,55.19,Resistencia,Media,166.27
2021-05-13 10:00:00.482845,Sophia,10,soleado,21,68,20,Tenis en pareja,16.83,64.77,Resistencia,Media,544.92
2021-05-12 16:00:00.482845,Jessica,16,nublado,30,38,37,Calva,11.09,54.53,Equilibrio,Alta,302.32
2021-05-11 05:00:00.482845,John,5,soleado,13,64,37,Chito,7.79,83.4,Fuerza,Baja,324.81
2021-05-10 12:00:00.482845,Daniel,12,nublado,24,42,47,Pádel,12.69,56.67,Velocidad,Media,359.66
2021-05-09 16:00:00.482845,Jessica,16,soleado,10,44,52,Bolos,0.74,92.59,Velocidad,Media,34.29
2021-05-08 16:00:00.482845,Emily,16,soleado,18,47,52,Billar,3.29,90.86,Fuerza,Media,149.36
2021-05-07 12:00:00.482845,Emma,12,Lluvioso,19,80,56,Bádminton,14.97,50.68,Flexibilidad,Media,379.48
2021-05-06 18:00:00.482845,Emily,18,nublado,20,62,44,Caminar,5.26,94.79,Flexibilidad,Baja,249.34
2021-05-05 21:00:00.482845,William,21,nublado,27,35,43,Chito,12.16,51.45,Resistencia,Baja,312.83
2021-05-04 03:00:00.482845,Sophia,3,Lluvioso,20,56,31,Waterpolo,8.01,61.98,Equilibrio,Baja,248.22
2021-05-03 05:00:00.482845,Emma,5,Lluvioso,21,52,34,Correr,17.17,51.62,Resistencia,Baja,443.12
2021-05-02 08:00:00.482845,John,8,Lluvioso,16,56,35,Golf,19.07,66.79,Flexibilidad,Media,636.93
2021-05-01 07:00:00.482845,John,7,Lluvioso,19,63,62,Nado sincronizado,17.73,75.69,Fuerza,Alta,671.0
2021-04-30 02:00:00.482845,Jessica,2,nublado,16,75,46,Patinaje sobre hielo,5.78,89.83,Resistencia,Alta,259.48
2021-04-29 16:00:00.482845,William,16,nublado,12,67,37,Correr,4.29,66.9,Velocidad,Media,143.37
2021-04-28 11:00:00.482845,Daniel,11,soleado,25,43,44,Kickball,9.75,85.27,Velocidad,Media,415.78
2021-04-27 09:00:00.482845,Christopher,9,soleado,27,65,35,Montañismo,0.64,59.38,Fuerza,Alta,19.09
2021-04-26 13:00:00.482845,Christopher,13,Lluvioso,25,37,21,Voleibol acuático,1.0,87.53,Flexibilidad,Alta,43.91
2021-04-25 09:00:00.482845,Emma,9,Lluvioso,22,64,18,Chito,11.29,61.8,Velocidad,Media,348.83
2021-04-24 22:00:00.482845,William,22,Lluvioso,19,48,18,Minigolf,10.65,57.18,Velocidad,Media,304.43
2021-04-23 00:00:00.482845,William,0,soleado,32,59,43,Fútbol,19.89,59.27,Equilibrio,Baja,589.57
2021-04-22 01:00:00.482845,John,1,soleado,23,43,62,Pádel,4.44,59.1,Resistencia,Baja,131.09
2021-04-21 02:00:00.482845,Daniel,2,soleado,22,49,37,Baloncesto,5.53,75.64,Flexibilidad,Alta,209.27
2021-04-20 00:00:00.482845,Sophia,0,soleado,11,78,40,Balonmano,2.71,92.24,Resistencia,Media,125.17
2021-04-19 12:00:00.482845,Daniel,12,soleado,19,54,27,Natación,18.39,53.98,Flexibilidad,Alta,496.4
2021-04-18 10:00:00.482845,Michael,10,soleado,20,69,28,Caminar,15.67,85.35,Velocidad,Baja,668.59
2021-04-17 18:00:00.482845,William,18,soleado,20,53,58,Raquetbol,16.54,82.72,Equilibrio,Baja,683.89
2021-04-16 00:00:00.482845,Emily,0,Lluvioso,25,43,58,Skateboard,18.1,93.63,Resistencia,Alta,847.5
2021-04-15 09:00:00.482845,Olivia,9,Lluvioso,23,55,22,Raquetbol,10.74,62.21,Velocidad,Baja,333.92
2021-04-14 01:00:00.482845,William,1,Lluvioso,25,67,18,Frontenis,9.3,72.51,Flexibilidad,Media,337.09
2021-04-13 02:00:00.482845,Emma,2,Lluvioso,29,52,34,Bolos,6.94,96.29,Resistencia,Alta,334.26
2021-04-12 06:00:00.482845,Emily,6,soleado,30,51,39,Tai chi,11.99,83.0,Resistencia,Media,497.57
2021-04-11 19:00:00.482845,Emma,19,nublado,28,77,51,Chito,9.36,69.44,Velocidad,Media,324.92
2021-04-10 01:00:00.482845,Jessica,1,soleado,34,48,62,Ciclismo estacionario,9.31,56.57,Resistencia,Baja,263.21
2021-04-09 17:00:00.482845,Olivia,17,nublado,10,75,58,Billar,18.77,63.12,Equilibrio,Media,592.42
2021-04-08 00:00:00.482845,Olivia,0,Lluvioso,15,80,46,Entrenamiento en circuito,19.69,79.06,Equilibrio,Alta,778.3
2021-04-07 05:00:00.482845,John,5,soleado,10,32,21,Golf,16.03,85.91,Velocidad,Media,688.62
2021-04-06 21:00:00.482845,William,21,Lluvioso,26,71,22,Aeróbicos acuáticos,15.26,56.22,Flexibilidad,Media,428.88
2021-04-05 18:00:00.482845,John,18,soleado,32,48,28,Frisbee,13.77,79.98,Velocidad,Media,550.7
2021-04-04 19:00:00.482845,Christopher,19,Lluvioso,16,38,38,Hockey,3.74,77.52,Equilibrio,Media,144.9
2021-04-03 23:00:00.482845,Emma,23,nublado,33,57,52,Calistenia,1.65,75.7,Fuerza,Media,62.55
2021-04-02 05:00:00.482845,Michael,5,nublado,12,49,29,Kickboxing,13.97,84.51,Fuerza,Baja,590.24
2021-04-01 15:00:00.482845,Michael,15,nublado,33,74,43,Frisbee,14.71,91.87,Resistencia,Alta,675.78
2021-03-31 12:00:00.482845,Christopher,12,soleado,19,36,36,Tai chi,1.42,66.15,Resistencia,Baja,46.83
2021-03-30 04:00:00.482845,Jessica,4,nublado,13,43,62,Ciclismo,18.6,94.45,Fuerza,Alta,878.25
2021-03-29 19:00:00.482845,Michael,19,soleado,22,38,24,Aeróbicos acuáticos,2.28,58.03,Equilibrio,Alta,66.08
2021-03-28 14:00:00.482845,Emma,14,nublado,16,48,64,Tai chi,6.08,58.65,Resistencia,Alta,178.15
2021-03-27 05:00:00.482845,Michael,5,nublado,17,76,24,Hockey,13.61,63.34,Velocidad,Alta,431.07
2021-03-26 23:00:00.482845,Christopher,23,soleado,18,43,43,Ultimate frisbee,3.81,55.98,Velocidad,Alta,106.71
2021-03-25 21:00:00.482845,Emily,21,soleado,30,67,57,Montañismo,1.58,61.52,Equilibrio,Media,48.62
2021-03-24 02:00:00.482845,John,2,nublado,23,65,22,Frisbee,6.96,55.32,Resistencia,Baja,192.44
2021-03-23 06:00:00.482845,Sophia,6,soleado,18,69,38,Gimnasia,15.44,91.09,Velocidad,Baja,703.03
2021-03-22 11:00:00.482845,Emma,11,nublado,25,46,31,Balonmano,8.57,56.95,Resistencia,Media,243.93
2021-03-21 08:00:00.482845,John,8,soleado,28,59,21,Correr,13.23,87.36,Resistencia,Alta,578.05
2021-03-20 10:00:00.482845,Olivia,10,Lluvioso,17,38,40,Voleibol,11.8,52.4,Velocidad,Baja,309.2
2021-03-19 17:00:00.482845,Daniel,17,Lluvioso,20,62,59,Salto a la comba,0.93,97.43,Fuerza,Media,45.46
2021-03-18 08:00:00.482845,Michael,8,Lluvioso,13,54,37,Frontenis,19.78,85.56,Velocidad,Media,846.02
2021-03-17 05:00:00.482845,Michael,5,Lluvioso,15,43,32,Artes marciales,1.31,50.34,Equilibrio,Baja,32.92
2021-03-16 04:00:00.482845,Jessica,4,Lluvioso,27,40,62,Entrenamiento en circuito,19.37,88.19,Flexibilidad,Baja,854.24
2021-03-15 01:00:00.482845,John,1,nublado,15,64,46,Entrenamiento en circuito,11.22,75.7,Velocidad,Alta,424.79
2021-03-14 16:00:00.482845,Daniel,16,Lluvioso,23,70,25,Nado sincronizado,19.28,88.97,Resistencia,Alta,857.73
2021-03-13 14:00:00.482845,Michael,14,Lluvioso,28,43,58,Golf,2.74,76.12,Resistencia,Baja,104.2
2021-03-12 03:00:00.482845,Olivia,3,Lluvioso,13,59,65,Atletismo,10.06,82.05,Velocidad,Alta,412.84
2021-03-11 12:00:00.482845,Jessica,12,Lluvioso,24,70,36,Natación,3.81,89.32,Flexibilidad,Media,169.94
2021-03-10 17:00:00.482845,John,17,soleado,16,33,65,Calistenia,1.49,70.26,Velocidad,Alta,52.48
2021-03-09 13:00:00.482845,Jessica,13,nublado,34,33,56,Patinaje sobre hielo,12.54,50.14,Flexibilidad,Alta,314.39
2021-03-08 11:00:00.482845,John,11,Lluvioso,22,57,63,Caminar,4.55,92.5,Flexibilidad,Media,210.51
2021-03-07 18:00:00.482845,William,18,Lluvioso,30,37,45,Tenis de mesa / ping pong,11.96,69.04,Equilibrio,Alta,412.89
2021-03-06 22:00:00.482845,William,22,Lluvioso,24,31,63,Ultimate frisbee,2.69,74.8,Resistencia,Media,100.65
2021-03-05 17:00:00.482845,Christopher,17,nublado,11,70,44,Fútbol,6.97,50.39,Resistencia,Alta,175.7
2021-03-04 06:00:00.482845,Emma,6,soleado,26,75,21,Hockey,15.74,74.6,Flexibilidad,Baja,587.21
2021-03-03 07:00:00.482845,Jessica,7,nublado,34,51,32,Baloncesto,9.02,99.32,Resistencia,Alta,448.08
2021-03-02 12:00:00.482845,Christopher,12,soleado,25,70,52,Correr,12.74,63.91,Fuerza,Baja,407.16
2021-03-01 13:00:00.482845,Jessica,13,Lluvioso,30,45,54,Raquetbol,13.13,69.77,Flexibilidad,Baja,457.89
2021-02-28 23:00:00.482845,Michael,23,Lluvioso,32,58,18,Correr,16.95,84.36,Resistencia,Baja,715.08
2021-02-27 19:00:00.482845,Sophia,19,nublado,16,78,20,Dardos,6.84,90.74,Fuerza,Baja,310.15
2021-02-26 13:00:00.482845,Jessica,13,nublado,15,77,64,Calva,13.9,70.87,Equilibrio,Baja,492.62
2021-02-25 10:00:00.482845,Michael,10,soleado,25,59,41,Frontenis,19.25,65.48,Resistencia,Media,630.33
2021-02-24 00:00:00.482845,Daniel,0,soleado,20,41,44,Patinaje sobre hielo,14.74,96.89,Fuerza,Media,714.08
2021-02-23 01:00:00.482845,William,1,nublado,31,64,57,Dardos,10.05,83.86,Velocidad,Media,421.49
2021-02-22 09:00:00.482845,Christopher,9,soleado,33,40,53,Senderismo,12.8,55.95,Velocidad,Baja,358.06
2021-02-21 03:00:00.482845,Sophia,3,nublado,19,75,51,Gimnasia,14.92,53.45,Fuerza,Alta,398.81
2021-02-20 00:00:00.482845,Olivia,0,soleado,16,79,46,Correr,12.44,74.18,Flexibilidad,Media,461.36
2021-02-19 01:00:00.482845,William,1,nublado,30,50,41,Golf,0.83,61.0,Flexibilidad,Alta,25.17
2021-02-18 03:00:00.482845,Christopher,3,nublado,17,50,41,Tenis,4.3,62.7,Resistencia,Alta,134.74
2021-02-17 11:00:00.482845,Sophia,11,nublado,31,34,59,Entrenamiento en circuito,16.3,93.88,Velocidad,Baja,765.35
2021-02-16 19:00:00.482845,Olivia,19,soleado,21,77,21,Gimnasia,5.82,54.48,Flexibilidad,Baja,158.44
2021-02-15 16:00:00.482845,Emily,16,soleado,27,49,20,Béisbol,14.77,85.77,Flexibilidad,Baja,633.2
2021-02-14 18:00:00.482845,Michael,18,soleado,12,66,51,Hockey,7.76,63.56,Velocidad,Media,246.49
2021-02-13 02:00:00.482845,Emily,2,nublado,26,32,40,Béisbol,10.68,88.02,Equilibrio,Baja,469.86
2021-02-12 10:00:00.482845,Michael,10,soleado,21,73,40,Patinaje sobre hielo,1.83,86.12,Flexibilidad,Media,78.61
2021-02-11 19:00:00.482845,John,19,soleado,25,62,62,Aeróbicos acuáticos,4.03,50.37,Fuerza,Media,101.59
2021-02-10 04:00:00.482845,Emma,4,nublado,14,38,22,Minigolf,19.17,75.46,Resistencia,Media,723.08
2021-02-09 09:00:00.482845,Sophia,9,Lluvioso,28,38,48,Frisbee,17.86,56.97,Flexibilidad,Media,508.64
2021-02-08 06:00:00.482845,Emily,6,nublado,32,33,58,BMX,13.22,93.31,Flexibilidad,Baja,616.76
2021-02-07 06:00:00.482845,Emma,6,soleado,15,64,23,Máquina escaladora,9.46,93.58,Equilibrio,Media,442.77
2021-02-06 20:00:00.482845,Sophia,20,nublado,12,46,54,Calistenia,13.68,70.92,Fuerza,Baja,484.98
2021-02-05 07:00:00.482845,Christopher,7,Lluvioso,11,63,27,BMX,12.56,72.22,Resistencia,Baja,453.64
2021-02-04 21:00:00.482845,John,21,nublado,26,53,57,Bolos,11.59,65.16,Flexibilidad,Media,377.52
2021-02-03 12:00:00.482845,Christopher,12,soleado,25,61,24,Sóftbol,1.65,85.83,Resistencia,Baja,70.98
2021-02-02 00:00:00.482845,Michael,0,Lluvioso,24,30,56,Atletismo,12.84,67.93,Velocidad,Alta,436.12
2021-02-01 20:00:00.482845,Emma,20,soleado,16,37,55,Minigolf,15.49,63.39,Flexibilidad,Baja,491.08
2021-01-31 04:00:00.482845,Sophia,4,Lluvioso,20,74,38,Minigolf,19.88,71.61,Flexibilidad,Baja,711.98
2021-01-30 00:00:00.482845,Jessica,0,Lluvioso,25,52,37,Natación,0.72,54.57,Velocidad,Media,19.54
2021-01-29 07:00:00.482845,Emma,7,nublado,22,76,20,Marcha rápida,14.74,87.33,Equilibrio,Media,643.55
2021-01-28 03:00:00.482845,Daniel,3,nublado,35,69,39,Boxeo,11.65,50.63,Flexibilidad,Baja,294.92
2021-01-27 05:00:00.482845,Olivia,5,soleado,13,41,64,Kickboxing,8.96,82.22,Resistencia,Media,368.53
2021-01-26 03:00:00.482845,Emily,3,nublado,27,41,21,Voleibol,2.99,59.14,Fuerza,Alta,88.35
2021-01-25 02:00:00.482845,Sophia,2,nublado,20,75,45,Baloncesto,8.48,61.62,Resistencia,Alta,261.18
2021-01-24 09:00:00.482845,William,9,Lluvioso,21,76,29,Natación,7.41,81.78,Equilibrio,Media,303.02
2021-01-23 12:00:00.482845,William,12,nublado,28,44,55,Ultimate frisbee,6.41,99.65,Fuerza,Baja,319.13
2021-01-22 17:00:00.482845,Olivia,17,Lluvioso,27,70,53,Natación,14.75,88.89,Resistencia,Alta,655.63
2021-01-21 05:00:00.482845,Michael,5,Lluvioso,35,48,64,Montañismo,14.16,61.29,Resistencia,Alta,434.07
2021-01-20 07:00:00.482845,Emma,7,Lluvioso,13,55,58,Escalada,11.99,58.8,Velocidad,Baja,352.39
2021-01-19 13:00:00.482845,Emma,13,soleado,13,58,22,Frontenis,18.8,93.31,Equilibrio,Media,877.31
2021-01-18 20:00:00.482845,William,20,soleado,28,51,30,Tai chi,7.32,72.21,Velocidad,Alta,264.36
2021-01-17 16:00:00.482845,Emma,16,soleado,24,69,40,Bolos,5.25,56.85,Fuerza,Baja,149.36
2021-01-16 00:00:00.482845,Olivia,0,Lluvioso,17,50,47,Atletismo,13.29,93.11,Velocidad,Baja,618.73
2021-01-15 06:00:00.482845,Emma,6,soleado,12,80,54,Sóftbol,4.38,90.8,Equilibrio,Alta,198.72
2021-01-14 09:00:00.482845,Michael,9,soleado,12,67,42,Patinaje sobre hielo,6.64,99.2,Flexibilidad,Media,329.46
2021-01-13 20:00:00.482845,Emily,20,nublado,32,49,65,Ultimate frisbee,4.88,95.49,Flexibilidad,Alta,232.98
2021-01-12 19:00:00.482845,Daniel,19,soleado,15,58,44,Kickball,1.85,92.59,Fuerza,Baja,85.58
2021-01-11 16:00:00.482845,Emily,16,soleado,18,80,31,Fútbol,16.64,52.63,Flexibilidad,Alta,437.77
2021-01-10 14:00:00.482845,Daniel,14,Lluvioso,16,33,65,Ciclismo estacionario,5.46,55.22,Velocidad,Media,150.85
2021-01-09 23:00:00.482845,Jessica,23,Lluvioso,19,36,64,Artes marciales,9.72,78.45,Fuerza,Baja,381.42
2021-01-08 20:00:00.482845,Emily,20,Lluvioso,12,57,53,Senderismo,1.34,76.57,Equilibrio,Media,51.48
2021-01-07 10:00:00.482845,Olivia,10,Lluvioso,23,57,56,Petanca,14.14,72.9,Fuerza,Alta,515.29
2021-01-06 14:00:00.482845,John,14,Lluvioso,12,33,33,Kickball,6.95,69.84,Fuerza,Alta,242.55
2021-01-05 00:00:00.482845,Jessica,0,Lluvioso,30,51,39,Bádminton,15.02,71.56,Resistencia,Media,537.5
2021-01-04 14:00:00.482845,Daniel,14,soleado,16,41,38,Bádminton,8.54,78.46,Resistencia,Alta,335.12
2021-01-03 10:00:00.482845,Daniel,10,Lluvioso,24,74,38,Ciclismo,4.32,50.1,Fuerza,Media,108.15
2021-01-02 04:00:00.482845,Jessica,4,Lluvioso,32,32,25,Patinaje,10.51,63.04,Flexibilidad,Alta,331.15
2021-01-01 11:00:00.482845,Daniel,11,nublado,26,51,33,Caminar,3.04,75.91,Resistencia,Media,115.57
2020-12-31 19:00:00.482845,Sophia,19,soleado,23,73,48,Fútbol,9.09,86.11,Equilibrio,Media,391.4
2020-12-30 14:00:00.482845,John,14,soleado,18,31,59,Ciclismo,6.69,58.71,Velocidad,Baja,196.3
2020-12-29 19:00:00.482845,Olivia,19,soleado,18,53,27,Skateboard,18.28,77.34,Resistencia,Baja,707.05
2020-12-28 03:00:00.482845,Sophia,3,Lluvioso,27,63,49,Patinaje sobre hielo,1.69,85.72,Fuerza,Media,72.35
2020-12-27 22:00:00.482845,Daniel,22,Lluvioso,35,56,51,Petanca,14.03,72.23,Flexibilidad,Alta,506.82
2020-12-26 17:00:00.482845,Emily,17,Lluvioso,27,70,26,Correr,4.06,51.35,Velocidad,Alta,104.34
2020-12-25 09:00:00.482845,Sophia,9,nublado,24,30,34,Aeróbicos,6.72,72.46,Resistencia,Alta,243.53
2020-12-24 19:00:00.482845,Emily,19,Lluvioso,28,37,28,Tenis,8.6,64.82,Flexibilidad,Media,278.82
2020-12-23 01:00:00.482845,Jessica,1,nublado,22,52,49,Sóftbol,18.21,96.48,Flexibilidad,Media,878.29
2020-12-22 00:00:00.482845,Emma,0,soleado,12,67,27,Tai chi,5.23,56.23,Flexibilidad,Media,147.05
2020-12-21 15:00:00.482845,Christopher,15,Lluvioso,24,35,39,Minigolf,2.28,82.62,Fuerza,Media,94.21
2020-12-20 19:00:00.482845,Daniel,19,nublado,34,51,34,Ultimate frisbee,6.71,52.64,Equilibrio,Baja,176.71
2020-12-19 19:00:00.482845,Christopher,19,nublado,14,54,21,Aeróbicos,2.54,72.31,Flexibilidad,Media,91.87
2020-12-18 10:00:00.482845,John,10,Lluvioso,27,47,65,Kickboxing,3.01,77.7,Velocidad,Alta,116.84
2020-12-17 06:00:00.482845,Emily,6,soleado,15,46,64,Sóftbol,11.69,64.9,Resistencia,Baja,379.33
2020-12-16 12:00:00.482845,Sophia,12,soleado,23,41,42,Petanca,1.69,72.75,Velocidad,Alta,61.39
2020-12-15 10:00:00.482845,Christopher,10,soleado,12,35,38,Kickball,1.1,58.18,Fuerza,Media,32.09
2020-12-14 07:00:00.482845,Michael,7,nublado,21,55,54,Boxeo,14.43,65.21,Fuerza,Baja,470.5
2020-12-13 15:00:00.482845,Daniel,15,nublado,29,56,55,Ultimate frisbee,7.55,81.06,Velocidad,Media,306.07
2020-12-12 21:00:00.482845,Christopher,21,nublado,19,37,18,Waterpolo,2.94,65.09,Equilibrio,Baja,95.84
2020-12-11 23:00:00.482845,Sophia,23,nublado,27,48,42,Frontenis,5.45,94.99,Fuerza,Alta,258.62
2020-12-10 22:00:00.482845,Sophia,22,soleado,30,71,53,Billar,13.02,81.42,Fuerza,Media,530.07
2020-12-09 09:00:00.482845,John,9,Lluvioso,33,30,34,Voleibol,5.87,71.93,Velocidad,Media,211.23
2020-12-08 14:00:00.482845,William,14,nublado,16,58,58,Tai chi,10.14,51.94,Fuerza,Baja,263.41
2020-12-07 02:00:00.482845,Olivia,2,nublado,20,74,41,Máquina escaladora,2.87,74.98,Equilibrio,Baja,107.71
2020-12-06 15:00:00.482845,Michael,15,soleado,14,78,19,Billar,11.97,88.24,Equilibrio,Media,528.01
2020-12-05 22:00:00.482845,Christopher,22,Lluvioso,35,64,57,Tenis en pareja,6.66,63.28,Equilibrio,Baja,210.83
2020-12-04 11:00:00.482845,Olivia,11,Lluvioso,33,69,32,Marcha rápida,12.73,90.34,Resistencia,Media,574.82
2020-12-03 09:00:00.482845,Michael,9,soleado,23,43,49,Senderismo,16.26,62.59,Equilibrio,Baja,508.98
2020-12-02 09:00:00.482845,William,9,soleado,31,64,56,Montañismo,12.43,91.19,Equilibrio,Alta,566.6
2020-12-01 03:00:00.482845,Christopher,3,Lluvioso,23,77,23,Calva,6.27,54.26,Resistencia,Baja,170.04
2020-11-30 10:00:00.482845,Michael,10,nublado,26,74,18,Voleibol acuático,5.49,93.31,Flexibilidad,Alta,255.99
2020-11-29 20:00:00.482845,Olivia,20,Lluvioso,12,49,64,Gimnasia,6.88,74.96,Fuerza,Baja,258.04
2020-11-28 15:00:00.482845,Emily,15,soleado,29,78,40,Balonmano,3.71,64.83,Equilibrio,Baja,120.26
2020-11-27 18:00:00.482845,Sophia,18,nublado,13,42,56,Yoga,4.03,63.26,Fuerza,Media,127.55
2020-11-26 14:00:00.482845,Emma,14,nublado,31,67,34,Chito,15.92,71.6,Velocidad,Baja,569.89
2020-11-25 04:00:00.482845,Jessica,4,soleado,30,78,51,Nado sincronizado,8.0,99.95,Fuerza,Baja,399.92
2020-11-24 07:00:00.482845,Daniel,7,soleado,28,75,58,Ultimate frisbee,9.0,61.02,Resistencia,Alta,274.63
2020-11-23 01:00:00.482845,Emma,1,soleado,11,78,46,Patinaje,12.08,55.16,Fuerza,Baja,333.28
2020-11-22 12:00:00.482845,Christopher,12,Lluvioso,18,37,26,Tenis de mesa / ping pong,12.0,79.25,Fuerza,Media,475.44
2020-11-21 11:00:00.482845,Christopher,11,Lluvioso,17,72,30,Boxeo,1.81,74.43,Fuerza,Alta,67.5
2020-11-20 07:00:00.482845,Michael,7,nublado,19,49,23,Marcha rápida,16.72,76.21,Flexibilidad,Media,636.93
2020-11-19 19:00:00.482845,Sophia,19,soleado,12,62,23,Pádel,3.96,83.35,Flexibilidad,Media,164.94
2020-11-18 08:00:00.482845,William,8,nublado,33,55,37,Frontenis,14.6,63.36,Velocidad,Media,462.5
2020-11-17 07:00:00.482845,John,7,nublado,24,68,20,Aeróbicos,15.57,95.53,Resistencia,Media,743.59
2020-11-16 11:00:00.482845,Michael,11,nublado,18,50,34,Bolos,14.44,71.78,Fuerza,Alta,518.3
2020-11-15 07:00:00.482845,John,7,nublado,20,78,29,Pádel,11.79,56.45,Fuerza,Baja,332.8
2020-11-14 06:00:00.482845,Jessica,6,soleado,21,71,65,Voleibol acuático,0.78,87.11,Fuerza,Media,34.19
2020-11-13 18:00:00.482845,Olivia,18,nublado,25,72,64,Kickball,7.53,82.16,Fuerza,Alta,309.2
2020-11-12 09:00:00.482845,Michael,9,soleado,23,70,62,Voleibol,12.29,65.79,Flexibilidad,Media,404.41
2020-11-11 20:00:00.482845,Jessica,20,soleado,33,38,18,Ultimate frisbee,8.06,81.08,Velocidad,Baja,326.55
2020-11-10 16:00:00.482845,Daniel,16,Lluvioso,22,53,34,Fútbol sala,17.34,60.99,Equilibrio,Alta,528.74
2020-11-09 08:00:00.482845,Michael,8,soleado,35,66,20,Voleibol acuático,6.52,72.24,Resistencia,Alta,235.57
2020-11-08 11:00:00.482845,Sophia,11,Lluvioso,31,78,43,Frontenis,6.22,94.97,Fuerza,Baja,295.55
2020-11-07 12:00:00.482845,Sophia,12,soleado,15,70,32,Atletismo,5.69,56.68,Velocidad,Alta,161.16
2020-11-06 07:00:00.482845,Christopher,7,soleado,33,46,53,Caminar,6.99,69.33,Equilibrio,Baja,242.3
2020-11-05 10:00:00.482845,Daniel,10,soleado,13,53,49,Boxeo,11.37,91.06,Velocidad,Alta,517.63
2020-11-04 00:00:00.482845,Christopher,0,Lluvioso,30,50,49,Tenis de mesa / ping pong,14.29,98.47,Flexibilidad,Alta,703.44
2020-11-03 20:00:00.482845,John,20,Lluvioso,20,80,21,Kickball,13.42,72.7,Equilibrio,Baja,487.79
2020-11-02 23:00:00.482845,Emma,23,nublado,32,68,35,Kickboxing,16.25,75.35,Velocidad,Baja,612.24
